Inno Setup 6 Command-Line Compiler
Copyright (C) 1997-2026 Jordan Russell. All rights reserved.
Portions Copyright (C) 2000-2026 Martijn Laan. All rights reserved.
Portions Copyright (C) 2001-2004 Alex Yackimoff. All rights reserved.
https://www.innosetup.com

Compiler engine version: Inno Setup 6.7.3
Non-commercial use only

Preprocessing
   Reading file: C:\Users\USER\AppData\Local\Programs\Inno Setup 6\ISPPBuiltins.iss
Parsing [Setup] section, line 14
Parsing [Setup] section, line 15
Parsing [Setup] section, line 16
Parsing [Setup] section, line 17
Parsing [Setup] section, line 18
Parsing [Setup] section, line 19
Parsing [Setup] section, line 20
Parsing [Setup] section, line 21
Parsing [Setup] section, line 22
Parsing [Setup] section, line 23
Parsing [Setup] section, line 24
Parsing [Setup] section, line 25
Parsing [Setup] section, line 26
Parsing [Setup] section, line 27
Parsing [Setup] section, line 28
Parsing [Setup] section, line 29
Parsing [Setup] section, line 30
Parsing [Setup] section, line 31
Parsing [Setup] section, line 32
Creating output directory: C:\Users\USER\Desktop\MangaTranslateProject\build\out
Reading file (WizardImageFile)
Reading file (WizardSmallImageFile)
Preparing Setup program executable
   Verification successful
   Updating icons (Setup.e32)
   Updating version info (Setup.e32)
Determining language code pages
Parsing [Languages] section, line 35
   Reading file: C:\Users\USER\AppData\Local\Programs\Inno Setup 6\Default.isl
Parsing [Languages] section, line 36
   Reading file: C:\Users\USER\AppData\Local\Programs\Inno Setup 6\Languages\Korean.isl
   Messages in script file
Reading default messages from Default.isl
Parsing [Languages] section, line 35
   Reading file: C:\Users\USER\AppData\Local\Programs\Inno Setup 6\Default.isl
Parsing [Languages] section, line 36
   Reading file: C:\Users\USER\AppData\Local\Programs\Inno Setup 6\Languages\Korean.isl
Parsing [LangOptions], [Messages], and [CustomMessages] sections
   Messages in script file
Reading [Code] section
Parsing [Tasks] section, line 39
Parsing [Icons] section, line 45
Parsing [Icons] section, line 46
Parsing [UninstallDelete] section, line 53
Parsing [Run] section, line 49
Parsing [Files] section, line 42
Creating setup files
   Verification successful
   Updating icons (Setup.exe)
   Using separate process for LZMA compression (islzma64.exe)
   Compressing: C:\Users\USER\Desktop\MangaTranslateProject\build\..\dist\MangaTranslator\anime-manga-big-lama.pt
   Verification successful
   Compressing: C:\Users\USER\Desktop\MangaTranslateProject\build\..\dist\MangaTranslator\app.py
   Compressing: C:\Users\USER\Desktop\MangaTranslateProject\build\..\dist\MangaTranslator\backend.py
   Compressing: C:\Users\USER\Desktop\MangaTranslateProject\build\..\dist\MangaTranslator\comictextdetector.pt.onnx
   Compressing: C:\Users\USER\Desktop\MangaTranslateProject\build\..\dist\MangaTranslator\icon.ico
   Compressing: C:\Users\USER\Desktop\MangaTranslateProject\build\..\dist\MangaTranslator\launch.py
   Compressing: C:\Users\USER\Desktop\MangaTranslateProject\build\..\dist\MangaTranslator\pip.pyz
   Compressing: C:\Users\USER\Desktop\MangaTranslateProject\build\..\dist\MangaTranslator\requirements.txt
   Compressing: C:\Users\USER\Desktop\MangaTranslateProject\build\..\dist\MangaTranslator\fonts\index.json
   Compressing: C:\Users\USER\Desktop\MangaTranslateProject\build\..\dist\MangaTranslator\fonts\LICENSE.txt
   Compressing: C:\Users\USER\Desktop\MangaTranslateProject\build\..\dist\MangaTranslator\fonts\bagelfatone\BagelFatOne-Regular.ttf
   Compressing: C:\Users\USER\Desktop\MangaTranslateProject\build\..\dist\MangaTranslator\fonts\blackhansans\BlackHanSans-Regular.ttf
   Compressing: C:\Users\USER\Desktop\MangaTranslateProject\build\..\dist\MangaTranslator\fonts\cutefont\CuteFont-Regular.ttf
   Compressing: C:\Users\USER\Desktop\MangaTranslateProject\build\..\dist\MangaTranslator\fonts\dohyeon\DoHyeon-Regular.ttf
   Compressing: C:\Users\USER\Desktop\MangaTranslateProject\build\..\dist\MangaTranslator\fonts\dokdo\Dokdo-Regular.ttf
   Compressing: C:\Users\USER\Desktop\MangaTranslateProject\build\..\dist\MangaTranslator\fonts\eastseadokdo\EastSeaDokdo-Regular.ttf
   Compressing: C:\Users\USER\Desktop\MangaTranslateProject\build\..\dist\MangaTranslator\fonts\gaegu\Gaegu-Light.ttf
   Compressing: C:\Users\USER\Desktop\MangaTranslateProject\build\..\dist\MangaTranslator\fonts\gasoekone\GasoekOne-Regular.ttf
   Compressing: C:\Users\USER\Desktop\MangaTranslateProject\build\..\dist\MangaTranslator\fonts\gothica1\GothicA1-Thin.ttf
   Compressing: C:\Users\USER\Desktop\MangaTranslateProject\build\..\dist\MangaTranslator\fonts\nanumbrushscript\NanumBrushScript-Regular.ttf
   Compressing: C:\Users\USER\Desktop\MangaTranslateProject\build\..\dist\MangaTranslator\fonts\nanumgothic\NanumGothic-Regular.ttf
   Compressing: C:\Users\USER\Desktop\MangaTranslateProject\build\..\dist\MangaTranslator\fonts\nanummyeongjo\NanumMyeongjo-Regular.ttf
   Compressing: C:\Users\USER\Desktop\MangaTranslateProject\build\..\dist\MangaTranslator\fonts\nanumpenscript\NanumPenScript-Regular.ttf
   Compressing: C:\Users\USER\Desktop\MangaTranslateProject\build\..\dist\MangaTranslator\fonts\notosanskr\NotoSansKR[wght].ttf
   Compressing: C:\Users\USER\Desktop\MangaTranslateProject\build\..\dist\MangaTranslator\fonts\singleday\SingleDay-Regular.ttf
   Compressing: C:\Users\USER\Desktop\MangaTranslateProject\build\..\dist\MangaTranslator\fonts\songmyung\SongMyung-Regular.ttf
   Compressing: C:\Users\USER\Desktop\MangaTranslateProject\build\..\dist\MangaTranslator\fonts\sunflower\Sunflower-Light.ttf
   Compressing: C:\Users\USER\Desktop\MangaTranslateProject\build\..\dist\MangaTranslator\frontend\dist\favicon.svg
   Compressing: C:\Users\USER\Desktop\MangaTranslateProject\build\..\dist\MangaTranslator\frontend\dist\icons.svg
   Compressing: C:\Users\USER\Desktop\MangaTranslateProject\build\..\dist\MangaTranslator\frontend\dist\index.html
   Compressing: C:\Users\USER\Desktop\MangaTranslateProject\build\..\dist\MangaTranslator\frontend\dist\space.png
   Compressing: C:\Users\USER\Desktop\MangaTranslateProject\build\..\dist\MangaTranslator\frontend\dist\assets\geist-cyrillic-ext-wght-normal-DjL33-gN.woff2
   Compressing: C:\Users\USER\Desktop\MangaTranslateProject\build\..\dist\MangaTranslator\frontend\dist\assets\geist-cyrillic-wght-normal-BEAKL7Jp.woff2
   Compressing: C:\Users\USER\Desktop\MangaTranslateProject\build\..\dist\MangaTranslator\frontend\dist\assets\geist-latin-ext-wght-normal-DC-KSUi6.woff2
   Compressing: C:\Users\USER\Desktop\MangaTranslateProject\build\..\dist\MangaTranslator\frontend\dist\assets\geist-latin-wght-normal-BgDaEnEv.woff2
   Compressing: C:\Users\USER\Desktop\MangaTranslateProject\build\..\dist\MangaTranslator\frontend\dist\assets\geist-vietnamese-wght-normal-6IgcOCM7.woff2
   Compressing: C:\Users\USER\Desktop\MangaTranslateProject\build\..\dist\MangaTranslator\frontend\dist\assets\index-B6pfkiKS.css
   Compressing: C:\Users\USER\Desktop\MangaTranslateProject\build\..\dist\MangaTranslator\frontend\dist\assets\index-yunjuEBw.js
   Compressing: C:\Users\USER\Desktop\MangaTranslateProject\build\..\dist\MangaTranslator\Process\detect.py
   Compressing: C:\Users\USER\Desktop\MangaTranslateProject\build\..\dist\MangaTranslator\Process\fonts.py
   Compressing: C:\Users\USER\Desktop\MangaTranslateProject\build\..\dist\MangaTranslator\Process\inpaint_flux.py
   Compressing: C:\Users\USER\Desktop\MangaTranslateProject\build\..\dist\MangaTranslator\Process\inpaint_lama.py
   Compressing: C:\Users\USER\Desktop\MangaTranslateProject\build\..\dist\MangaTranslator\Process\inpaint_normal.py
   Compressing: C:\Users\USER\Desktop\MangaTranslateProject\build\..\dist\MangaTranslator\Process\projects.py
   Compressing: C:\Users\USER\Desktop\MangaTranslateProject\build\..\dist\MangaTranslator\Process\textlines.py
   Compressing: C:\Users\USER\Desktop\MangaTranslateProject\build\..\dist\MangaTranslator\Process\textmask.py
   Compressing: C:\Users\USER\Desktop\MangaTranslateProject\build\..\dist\MangaTranslator\Process\translate.py
   Compressing: C:\Users\USER\Desktop\MangaTranslateProject\build\..\dist\MangaTranslator\Process\__pycache__\detect.cpython-313.pyc
   Compressing: C:\Users\USER\Desktop\MangaTranslateProject\build\..\dist\MangaTranslator\Process\__pycache__\fonts.cpython-313.pyc
   Compressing: C:\Users\USER\Desktop\MangaTranslateProject\build\..\dist\MangaTranslator\Process\__pycache__\inpaint_lama.cpython-313.pyc
   Compressing: C:\Users\USER\Desktop\MangaTranslateProject\build\..\dist\MangaTranslator\Process\__pycache__\inpaint_normal.cpython-313.pyc
   Compressing: C:\Users\USER\Desktop\MangaTranslateProject\build\..\dist\MangaTranslator\Process\__pycache__\projects.cpython-313.pyc
   Compressing: C:\Users\USER\Desktop\MangaTranslateProject\build\..\dist\MangaTranslator\Process\__pycache__\textlines.cpython-313.pyc
   Compressing: C:\Users\USER\Desktop\MangaTranslateProject\build\..\dist\MangaTranslator\Process\__pycache__\textmask.cpython-313.pyc
   Compressing: C:\Users\USER\Desktop\MangaTranslateProject\build\..\dist\MangaTranslator\Process\__pycache__\translate.cpython-313.pyc
   Compressing: C:\Users\USER\Desktop\MangaTranslateProject\build\..\dist\MangaTranslator\pylib_boot\bottle.py
   Compressing: C:\Users\USER\Desktop\MangaTranslateProject\build\..\dist\MangaTranslator\pylib_boot\clr.py
   Compressing: C:\Users\USER\Desktop\MangaTranslateProject\build\..\dist\MangaTranslator\pylib_boot\distutils-precedence.pth
   Compressing: C:\Users\USER\Desktop\MangaTranslateProject\build\..\dist\MangaTranslator\pylib_boot\typing_extensions.py
   Compressing: C:\Users\USER\Desktop\MangaTranslateProject\build\..\dist\MangaTranslator\pylib_boot\_cffi_backend.cp313-win_amd64.pyd
   Compressing: C:\Users\USER\Desktop\MangaTranslateProject\build\..\dist\MangaTranslator\pylib_boot\bin\bottle.exe
   Compressing: C:\Users\USER\Desktop\MangaTranslateProject\build\..\dist\MangaTranslator\pylib_boot\bin\bottle.py
   Compressing: C:\Users\USER\Desktop\MangaTranslateProject\build\..\dist\MangaTranslator\pylib_boot\bin\cffi-gen-src.exe
   Compressing: C:\Users\USER\Desktop\MangaTranslateProject\build\..\dist\MangaTranslator\pylib_boot\bin\wheel.exe
   Compressing: C:\Users\USER\Desktop\MangaTranslateProject\build\..\dist\MangaTranslator\pylib_boot\bin\__pycache__\bottle.cpython-313.pyc
   Compressing: C:\Users\USER\Desktop\MangaTranslateProject\build\..\dist\MangaTranslator\pylib_boot\bottle-0.13.4.dist-info\entry_points.txt
   Compressing: C:\Users\USER\Desktop\MangaTranslateProject\build\..\dist\MangaTranslator\pylib_boot\bottle-0.13.4.dist-info\INSTALLER
   Compressing: C:\Users\USER\Desktop\MangaTranslateProject\build\..\dist\MangaTranslator\pylib_boot\bottle-0.13.4.dist-info\METADATA
   Compressing: C:\Users\USER\Desktop\MangaTranslateProject\build\..\dist\MangaTranslator\pylib_boot\bottle-0.13.4.dist-info\RECORD
   Compressing: C:\Users\USER\Desktop\MangaTranslateProject\build\..\dist\MangaTranslator\pylib_boot\bottle-0.13.4.dist-info\top_level.txt
   Compressing: C:\Users\USER\Desktop\MangaTranslateProject\build\..\dist\MangaTranslator\pylib_boot\bottle-0.13.4.dist-info\WHEEL
   Compressing: C:\Users\USER\Desktop\MangaTranslateProject\build\..\dist\MangaTranslator\pylib_boot\bottle-0.13.4.dist-info\licenses\LICENSE
   Compressing: C:\Users\USER\Desktop\MangaTranslateProject\build\..\dist\MangaTranslator\pylib_boot\cffi\api.py
   Compressing: C:\Users\USER\Desktop\MangaTranslateProject\build\..\dist\MangaTranslator\pylib_boot\cffi\backend_ctypes.py
   Compressing: C:\Users\USER\Desktop\MangaTranslateProject\build\..\dist\MangaTranslator\pylib_boot\cffi\cffi_opcode.py
   Compressing: C:\Users\USER\Desktop\MangaTranslateProject\build\..\dist\MangaTranslator\pylib_boot\cffi\commontypes.py
   Compressing: C:\Users\USER\Desktop\MangaTranslateProject\build\..\dist\MangaTranslator\pylib_boot\cffi\cparser.py
   Compressing: C:\Users\USER\Desktop\MangaTranslateProject\build\..\dist\MangaTranslator\pylib_boot\cffi\error.py
   Compressing: C:\Users\USER\Desktop\MangaTranslateProject\build\..\dist\MangaTranslator\pylib_boot\cffi\ffiplatform.py
   Compressing: C:\Users\USER\Desktop\MangaTranslateProject\build\..\dist\MangaTranslator\pylib_boot\cffi\gen_src.py
   Compressing: C:\Users\USER\Desktop\MangaTranslateProject\build\..\dist\MangaTranslator\pylib_boot\cffi\lock.py
   Compressing: C:\Users\USER\Desktop\MangaTranslateProject\build\..\dist\MangaTranslator\pylib_boot\cffi\model.py
   Compressing: C:\Users\USER\Desktop\MangaTranslateProject\build\..\dist\MangaTranslator\pylib_boot\cffi\parse_c_type.h
   Compressing: C:\Users\USER\Desktop\MangaTranslateProject\build\..\dist\MangaTranslator\pylib_boot\cffi\pkgconfig.py
   Compressing: C:\Users\USER\Desktop\MangaTranslateProject\build\..\dist\MangaTranslator\pylib_boot\cffi\recompiler.py
   Compressing: C:\Users\USER\Desktop\MangaTranslateProject\build\..\dist\MangaTranslator\pylib_boot\cffi\setuptools_ext.py
   Compressing: C:\Users\USER\Desktop\MangaTranslateProject\build\..\dist\MangaTranslator\pylib_boot\cffi\vengine_cpy.py
   Compressing: C:\Users\USER\Desktop\MangaTranslateProject\build\..\dist\MangaTranslator\pylib_boot\cffi\vengine_gen.py
   Compressing: C:\Users\USER\Desktop\MangaTranslateProject\build\..\dist\MangaTranslator\pylib_boot\cffi\verifier.py
   Compressing: C:\Users\USER\Desktop\MangaTranslateProject\build\..\dist\MangaTranslator\pylib_boot\cffi\_cffi_errors.h
   Compressing: C:\Users\USER\Desktop\MangaTranslateProject\build\..\dist\MangaTranslator\pylib_boot\cffi\_cffi_gen_src.py
   Compressing: C:\Users\USER\Desktop\MangaTranslateProject\build\..\dist\MangaTranslator\pylib_boot\cffi\_cffi_include.h
   Compressing: C:\Users\USER\Desktop\MangaTranslateProject\build\..\dist\MangaTranslator\pylib_boot\cffi\_embedding.h
   Compressing: C:\Users\USER\Desktop\MangaTranslateProject\build\..\dist\MangaTranslator\pylib_boot\cffi\_imp_emulation.py
   Compressing: C:\Users\USER\Desktop\MangaTranslateProject\build\..\dist\MangaTranslator\pylib_boot\cffi\_shimmed_dist_utils.py
   Compressing: C:\Users\USER\Desktop\MangaTranslateProject\build\..\dist\MangaTranslator\pylib_boot\cffi\__init__.py
   Compressing: C:\Users\USER\Desktop\MangaTranslateProject\build\..\dist\MangaTranslator\pylib_boot\cffi\__pycache__\api.cpython-313.pyc
   Compressing: C:\Users\USER\Desktop\MangaTranslateProject\build\..\dist\MangaTranslator\pylib_boot\cffi\__pycache__\backend_ctypes.cpython-313.pyc
   Compressing: C:\Users\USER\Desktop\MangaTranslateProject\build\..\dist\MangaTranslator\pylib_boot\cffi\__pycache__\cffi_opcode.cpython-313.pyc
   Compressing: C:\Users\USER\Desktop\MangaTranslateProject\build\..\dist\MangaTranslator\pylib_boot\cffi\__pycache__\commontypes.cpython-313.pyc
   Compressing: C:\Users\USER\Desktop\MangaTranslateProject\build\..\dist\MangaTranslator\pylib_boot\cffi\__pycache__\cparser.cpython-313.pyc
   Compressing: C:\Users\USER\Desktop\MangaTranslateProject\build\..\dist\MangaTranslator\pylib_boot\cffi\__pycache__\error.cpython-313.pyc
   Compressing: C:\Users\USER\Desktop\MangaTranslateProject\build\..\dist\MangaTranslator\pylib_boot\cffi\__pycache__\ffiplatform.cpython-313.pyc
   Compressing: C:\Users\USER\Desktop\MangaTranslateProject\build\..\dist\MangaTranslator\pylib_boot\cffi\__pycache__\gen_src.cpython-313.pyc
   Compressing: C:\Users\USER\Desktop\MangaTranslateProject\build\..\dist\MangaTranslator\pylib_boot\cffi\__pycache__\lock.cpython-313.pyc
   Compressing: C:\Users\USER\Desktop\MangaTranslateProject\build\..\dist\MangaTranslator\pylib_boot\cffi\__pycache__\model.cpython-313.pyc
   Compressing: C:\Users\USER\Desktop\MangaTranslateProject\build\..\dist\MangaTranslator\pylib_boot\cffi\__pycache__\pkgconfig.cpython-313.pyc
   Compressing: C:\Users\USER\Desktop\MangaTranslateProject\build\..\dist\MangaTranslator\pylib_boot\cffi\__pycache__\recompiler.cpython-313.pyc
   Compressing: C:\Users\USER\Desktop\MangaTranslateProject\build\..\dist\MangaTranslator\pylib_boot\cffi\__pycache__\setuptools_ext.cpython-313.pyc
   Compressing: C:\Users\USER\Desktop\MangaTranslateProject\build\..\dist\MangaTranslator\pylib_boot\cffi\__pycache__\vengine_cpy.cpython-313.pyc
   Compressing: C:\Users\USER\Desktop\MangaTranslateProject\build\..\dist\MangaTranslator\pylib_boot\cffi\__pycache__\vengine_gen.cpython-313.pyc
   Compressing: C:\Users\USER\Desktop\MangaTranslateProject\build\..\dist\MangaTranslator\pylib_boot\cffi\__pycache__\verifier.cpython-313.pyc
   Compressing: C:\Users\USER\Desktop\MangaTranslateProject\build\..\dist\MangaTranslator\pylib_boot\cffi\__pycache__\_cffi_gen_src.cpython-313.pyc
   Compressing: C:\Users\USER\Desktop\MangaTranslateProject\build\..\dist\MangaTranslator\pylib_boot\cffi\__pycache__\_imp_emulation.cpython-313.pyc
   Compressing: C:\Users\USER\Desktop\MangaTranslateProject\build\..\dist\MangaTranslator\pylib_boot\cffi\__pycache__\_shimmed_dist_utils.cpython-313.pyc
   Compressing: C:\Users\USER\Desktop\MangaTranslateProject\build\..\dist\MangaTranslator\pylib_boot\cffi\__pycache__\__init__.cpython-313.pyc
   Compressing: C:\Users\USER\Desktop\MangaTranslateProject\build\..\dist\MangaTranslator\pylib_boot\cffi-2.1.1.dist-info\entry_points.txt
   Compressing: C:\Users\USER\Desktop\MangaTranslateProject\build\..\dist\MangaTranslator\pylib_boot\cffi-2.1.1.dist-info\INSTALLER
   Compressing: C:\Users\USER\Desktop\MangaTranslateProject\build\..\dist\MangaTranslator\pylib_boot\cffi-2.1.1.dist-info\METADATA
   Compressing: C:\Users\USER\Desktop\MangaTranslateProject\build\..\dist\MangaTranslator\pylib_boot\cffi-2.1.1.dist-info\RECORD
   Compressing: C:\Users\USER\Desktop\MangaTranslateProject\build\..\dist\MangaTranslator\pylib_boot\cffi-2.1.1.dist-info\top_level.txt
   Compressing: C:\Users\USER\Desktop\MangaTranslateProject\build\..\dist\MangaTranslator\pylib_boot\cffi-2.1.1.dist-info\WHEEL
   Compressing: C:\Users\USER\Desktop\MangaTranslateProject\build\..\dist\MangaTranslator\pylib_boot\cffi-2.1.1.dist-info\licenses\LICENSE
   Compressing: C:\Users\USER\Desktop\MangaTranslateProject\build\..\dist\MangaTranslator\pylib_boot\clr_loader\hostfxr.py
   Compressing: C:\Users\USER\Desktop\MangaTranslateProject\build\..\dist\MangaTranslator\pylib_boot\clr_loader\mono.py
   Compressing: C:\Users\USER\Desktop\MangaTranslateProject\build\..\dist\MangaTranslator\pylib_boot\clr_loader\netfx.py
   Compressing: C:\Users\USER\Desktop\MangaTranslateProject\build\..\dist\MangaTranslator\pylib_boot\clr_loader\py.typed
   Compressing: C:\Users\USER\Desktop\MangaTranslateProject\build\..\dist\MangaTranslator\pylib_boot\clr_loader\types.py
   Compressing: C:\Users\USER\Desktop\MangaTranslateProject\build\..\dist\MangaTranslator\pylib_boot\clr_loader\__init__.py
   Compressing: C:\Users\USER\Desktop\MangaTranslateProject\build\..\dist\MangaTranslator\pylib_boot\clr_loader\ffi\hostfxr.py
   Compressing: C:\Users\USER\Desktop\MangaTranslateProject\build\..\dist\MangaTranslator\pylib_boot\clr_loader\ffi\mono.py
   Compressing: C:\Users\USER\Desktop\MangaTranslateProject\build\..\dist\MangaTranslator\pylib_boot\clr_loader\ffi\netfx.py
   Compressing: C:\Users\USER\Desktop\MangaTranslateProject\build\..\dist\MangaTranslator\pylib_boot\clr_loader\ffi\__init__.py
   Compressing: C:\Users\USER\Desktop\MangaTranslateProject\build\..\dist\MangaTranslator\pylib_boot\clr_loader\ffi\dlls\amd64\ClrLoader.dll
   Compressing: C:\Users\USER\Desktop\MangaTranslateProject\build\..\dist\MangaTranslator\pylib_boot\clr_loader\ffi\dlls\amd64\ClrLoader.pdb
   Compressing: C:\Users\USER\Desktop\MangaTranslateProject\build\..\dist\MangaTranslator\pylib_boot\clr_loader\ffi\dlls\x86\ClrLoader.dll
   Compressing: C:\Users\USER\Desktop\MangaTranslateProject\build\..\dist\MangaTranslator\pylib_boot\clr_loader\ffi\dlls\x86\ClrLoader.pdb
   Compressing: C:\Users\USER\Desktop\MangaTranslateProject\build\..\dist\MangaTranslator\pylib_boot\clr_loader\ffi\__pycache__\hostfxr.cpython-313.pyc
   Compressing: C:\Users\USER\Desktop\MangaTranslateProject\build\..\dist\MangaTranslator\pylib_boot\clr_loader\ffi\__pycache__\mono.cpython-313.pyc
   Compressing: C:\Users\USER\Desktop\MangaTranslateProject\build\..\dist\MangaTranslator\pylib_boot\clr_loader\ffi\__pycache__\netfx.cpython-313.pyc
   Compressing: C:\Users\USER\Desktop\MangaTranslateProject\build\..\dist\MangaTranslator\pylib_boot\clr_loader\ffi\__pycache__\__init__.cpython-313.pyc
   Compressing: C:\Users\USER\Desktop\MangaTranslateProject\build\..\dist\MangaTranslator\pylib_boot\clr_loader\util\clr_error.py
   Compressing: C:\Users\USER\Desktop\MangaTranslateProject\build\..\dist\MangaTranslator\pylib_boot\clr_loader\util\coreclr_errors.py
   Compressing: C:\Users\USER\Desktop\MangaTranslateProject\build\..\dist\MangaTranslator\pylib_boot\clr_loader\util\find.py
   Compressing: C:\Users\USER\Desktop\MangaTranslateProject\build\..\dist\MangaTranslator\pylib_boot\clr_loader\util\hostfxr_errors.py
   Compressing: C:\Users\USER\Desktop\MangaTranslateProject\build\..\dist\MangaTranslator\pylib_boot\clr_loader\util\runtime_spec.py
   Compressing: C:\Users\USER\Desktop\MangaTranslateProject\build\..\dist\MangaTranslator\pylib_boot\clr_loader\util\__init__.py
   Compressing: C:\Users\USER\Desktop\MangaTranslateProject\build\..\dist\MangaTranslator\pylib_boot\clr_loader\util\__pycache__\clr_error.cpython-313.pyc
   Compressing: C:\Users\USER\Desktop\MangaTranslateProject\build\..\dist\MangaTranslator\pylib_boot\clr_loader\util\__pycache__\coreclr_errors.cpython-313.pyc
   Compressing: C:\Users\USER\Desktop\MangaTranslateProject\build\..\dist\MangaTranslator\pylib_boot\clr_loader\util\__pycache__\find.cpython-313.pyc
   Compressing: C:\Users\USER\Desktop\MangaTranslateProject\build\..\dist\MangaTranslator\pylib_boot\clr_loader\util\__pycache__\hostfxr_errors.cpython-313.pyc
   Compressing: C:\Users\USER\Desktop\MangaTranslateProject\build\..\dist\MangaTranslator\pylib_boot\clr_loader\util\__pycache__\runtime_spec.cpython-313.pyc
   Compressing: C:\Users\USER\Desktop\MangaTranslateProject\build\..\dist\MangaTranslator\pylib_boot\clr_loader\util\__pycache__\__init__.cpython-313.pyc
   Compressing: C:\Users\USER\Desktop\MangaTranslateProject\build\..\dist\MangaTranslator\pylib_boot\clr_loader\__pycache__\hostfxr.cpython-313.pyc
   Compressing: C:\Users\USER\Desktop\MangaTranslateProject\build\..\dist\MangaTranslator\pylib_boot\clr_loader\__pycache__\mono.cpython-313.pyc
   Compressing: C:\Users\USER\Desktop\MangaTranslateProject\build\..\dist\MangaTranslator\pylib_boot\clr_loader\__pycache__\netfx.cpython-313.pyc
   Compressing: C:\Users\USER\Desktop\MangaTranslateProject\build\..\dist\MangaTranslator\pylib_boot\clr_loader\__pycache__\types.cpython-313.pyc
   Compressing: C:\Users\USER\Desktop\MangaTranslateProject\build\..\dist\MangaTranslator\pylib_boot\clr_loader\__pycache__\__init__.cpython-313.pyc
   Compressing: C:\Users\USER\Desktop\MangaTranslateProject\build\..\dist\MangaTranslator\pylib_boot\clr_loader-0.3.1.dist-info\INSTALLER
   Compressing: C:\Users\USER\Desktop\MangaTranslateProject\build\..\dist\MangaTranslator\pylib_boot\clr_loader-0.3.1.dist-info\METADATA
   Compressing: C:\Users\USER\Desktop\MangaTranslateProject\build\..\dist\MangaTranslator\pylib_boot\clr_loader-0.3.1.dist-info\RECORD
   Compressing: C:\Users\USER\Desktop\MangaTranslateProject\build\..\dist\MangaTranslator\pylib_boot\clr_loader-0.3.1.dist-info\top_level.txt
   Compressing: C:\Users\USER\Desktop\MangaTranslateProject\build\..\dist\MangaTranslator\pylib_boot\clr_loader-0.3.1.dist-info\WHEEL
   Compressing: C:\Users\USER\Desktop\MangaTranslateProject\build\..\dist\MangaTranslator\pylib_boot\clr_loader-0.3.1.dist-info\licenses\LICENSE
   Compressing: C:\Users\USER\Desktop\MangaTranslateProject\build\..\dist\MangaTranslator\pylib_boot\packaging\dependency_groups.py
   Compressing: C:\Users\USER\Desktop\MangaTranslateProject\build\..\dist\MangaTranslator\pylib_boot\packaging\direct_url.py
   Compressing: C:\Users\USER\Desktop\MangaTranslateProject\build\..\dist\MangaTranslator\pylib_boot\packaging\errors.py
   Compressing: C:\Users\USER\Desktop\MangaTranslateProject\build\..\dist\MangaTranslator\pylib_boot\packaging\markers.py
   Compressing: C:\Users\USER\Desktop\MangaTranslateProject\build\..\dist\MangaTranslator\pylib_boot\packaging\metadata.py
   Compressing: C:\Users\USER\Desktop\MangaTranslateProject\build\..\dist\MangaTranslator\pylib_boot\packaging\py.typed
   Compressing: C:\Users\USER\Desktop\MangaTranslateProject\build\..\dist\MangaTranslator\pylib_boot\packaging\pylock.py
   Compressing: C:\Users\USER\Desktop\MangaTranslateProject\build\..\dist\MangaTranslator\pylib_boot\packaging\ranges.py
   Compressing: C:\Users\USER\Desktop\MangaTranslateProject\build\..\dist\MangaTranslator\pylib_boot\packaging\requirements.py
   Compressing: C:\Users\USER\Desktop\MangaTranslateProject\build\..\dist\MangaTranslator\pylib_boot\packaging\specifiers.py
   Compressing: C:\Users\USER\Desktop\MangaTranslateProject\build\..\dist\MangaTranslator\pylib_boot\packaging\tags.py
   Compressing: C:\Users\USER\Desktop\MangaTranslateProject\build\..\dist\MangaTranslator\pylib_boot\packaging\utils.py
   Compressing: C:\Users\USER\Desktop\MangaTranslateProject\build\..\dist\MangaTranslator\pylib_boot\packaging\version.py
   Compressing: C:\Users\USER\Desktop\MangaTranslateProject\build\..\dist\MangaTranslator\pylib_boot\packaging\_elffile.py
   Compressing: C:\Users\USER\Desktop\MangaTranslateProject\build\..\dist\MangaTranslator\pylib_boot\packaging\_manylinux.py
   Compressing: C:\Users\USER\Desktop\MangaTranslateProject\build\..\dist\MangaTranslator\pylib_boot\packaging\_musllinux.py
   Compressing: C:\Users\USER\Desktop\MangaTranslateProject\build\..\dist\MangaTranslator\pylib_boot\packaging\_parser.py
   Compressing: C:\Users\USER\Desktop\MangaTranslateProject\build\..\dist\MangaTranslator\pylib_boot\packaging\_ranges.py
   Compressing: C:\Users\USER\Desktop\MangaTranslateProject\build\..\dist\MangaTranslator\pylib_boot\packaging\_structures.py
   Compressing: C:\Users\USER\Desktop\MangaTranslateProject\build\..\dist\MangaTranslator\pylib_boot\packaging\_tokenizer.py
   Compressing: C:\Users\USER\Desktop\MangaTranslateProject\build\..\dist\MangaTranslator\pylib_boot\packaging\__init__.py
   Compressing: C:\Users\USER\Desktop\MangaTranslateProject\build\..\dist\MangaTranslator\pylib_boot\packaging\licenses\_spdx.py
   Compressing: C:\Users\USER\Desktop\MangaTranslateProject\build\..\dist\MangaTranslator\pylib_boot\packaging\licenses\__init__.py
   Compressing: C:\Users\USER\Desktop\MangaTranslateProject\build\..\dist\MangaTranslator\pylib_boot\packaging\licenses\__pycache__\_spdx.cpython-313.pyc
   Compressing: C:\Users\USER\Desktop\MangaTranslateProject\build\..\dist\MangaTranslator\pylib_boot\packaging\licenses\__pycache__\__init__.cpython-313.pyc
   Compressing: C:\Users\USER\Desktop\MangaTranslateProject\build\..\dist\MangaTranslator\pylib_boot\packaging\__pycache__\dependency_groups.cpython-313.pyc
   Compressing: C:\Users\USER\Desktop\MangaTranslateProject\build\..\dist\MangaTranslator\pylib_boot\packaging\__pycache__\direct_url.cpython-313.pyc
   Compressing: C:\Users\USER\Desktop\MangaTranslateProject\build\..\dist\MangaTranslator\pylib_boot\packaging\__pycache__\errors.cpython-313.pyc
   Compressing: C:\Users\USER\Desktop\MangaTranslateProject\build\..\dist\MangaTranslator\pylib_boot\packaging\__pycache__\markers.cpython-313.pyc
   Compressing: C:\Users\USER\Desktop\MangaTranslateProject\build\..\dist\MangaTranslator\pylib_boot\packaging\__pycache__\metadata.cpython-313.pyc
   Compressing: C:\Users\USER\Desktop\MangaTranslateProject\build\..\dist\MangaTranslator\pylib_boot\packaging\__pycache__\pylock.cpython-313.pyc
   Compressing: C:\Users\USER\Desktop\MangaTranslateProject\build\..\dist\MangaTranslator\pylib_boot\packaging\__pycache__\ranges.cpython-313.pyc
   Compressing: C:\Users\USER\Desktop\MangaTranslateProject\build\..\dist\MangaTranslator\pylib_boot\packaging\__pycache__\requirements.cpython-313.pyc
   Compressing: C:\Users\USER\Desktop\MangaTranslateProject\build\..\dist\MangaTranslator\pylib_boot\packaging\__pycache__\specifiers.cpython-313.pyc
   Compressing: C:\Users\USER\Desktop\MangaTranslateProject\build\..\dist\MangaTranslator\pylib_boot\packaging\__pycache__\tags.cpython-313.pyc
   Compressing: C:\Users\USER\Desktop\MangaTranslateProject\build\..\dist\MangaTranslator\pylib_boot\packaging\__pycache__\utils.cpython-313.pyc
   Compressing: C:\Users\USER\Desktop\MangaTranslateProject\build\..\dist\MangaTranslator\pylib_boot\packaging\__pycache__\version.cpython-313.pyc
   Compressing: C:\Users\USER\Desktop\MangaTranslateProject\build\..\dist\MangaTranslator\pylib_boot\packaging\__pycache__\_elffile.cpython-313.pyc
   Compressing: C:\Users\USER\Desktop\MangaTranslateProject\build\..\dist\MangaTranslator\pylib_boot\packaging\__pycache__\_manylinux.cpython-313.pyc
   Compressing: C:\Users\USER\Desktop\MangaTranslateProject\build\..\dist\MangaTranslator\pylib_boot\packaging\__pycache__\_musllinux.cpython-313.pyc
   Compressing: C:\Users\USER\Desktop\MangaTranslateProject\build\..\dist\MangaTranslator\pylib_boot\packaging\__pycache__\_parser.cpython-313.pyc
   Compressing: C:\Users\USER\Desktop\MangaTranslateProject\build\..\dist\MangaTranslator\pylib_boot\packaging\__pycache__\_ranges.cpython-313.pyc
   Compressing: C:\Users\USER\Desktop\MangaTranslateProject\build\..\dist\MangaTranslator\pylib_boot\packaging\__pycache__\_structures.cpython-313.pyc
   Compressing: C:\Users\USER\Desktop\MangaTranslateProject\build\..\dist\MangaTranslator\pylib_boot\packaging\__pycache__\_tokenizer.cpython-313.pyc
   Compressing: C:\Users\USER\Desktop\MangaTranslateProject\build\..\dist\MangaTranslator\pylib_boot\packaging\__pycache__\__init__.cpython-313.pyc
   Compressing: C:\Users\USER\Desktop\MangaTranslateProject\build\..\dist\MangaTranslator\pylib_boot\packaging-26.3.dist-info\INSTALLER
   Compressing: C:\Users\USER\Desktop\MangaTranslateProject\build\..\dist\MangaTranslator\pylib_boot\packaging-26.3.dist-info\METADATA
   Compressing: C:\Users\USER\Desktop\MangaTranslateProject\build\..\dist\MangaTranslator\pylib_boot\packaging-26.3.dist-info\RECORD
   Compressing: C:\Users\USER\Desktop\MangaTranslateProject\build\..\dist\MangaTranslator\pylib_boot\packaging-26.3.dist-info\WHEEL
   Compressing: C:\Users\USER\Desktop\MangaTranslateProject\build\..\dist\MangaTranslator\pylib_boot\packaging-26.3.dist-info\licenses\LICENSE
   Compressing: C:\Users\USER\Desktop\MangaTranslateProject\build\..\dist\MangaTranslator\pylib_boot\packaging-26.3.dist-info\licenses\LICENSE.APACHE
   Compressing: C:\Users\USER\Desktop\MangaTranslateProject\build\..\dist\MangaTranslator\pylib_boot\packaging-26.3.dist-info\licenses\LICENSE.BSD
   Compressing: C:\Users\USER\Desktop\MangaTranslateProject\build\..\dist\MangaTranslator\pylib_boot\proxy_tools\__init__.py
   Compressing: C:\Users\USER\Desktop\MangaTranslateProject\build\..\dist\MangaTranslator\pylib_boot\proxy_tools\__pycache__\__init__.cpython-313.pyc
   Compressing: C:\Users\USER\Desktop\MangaTranslateProject\build\..\dist\MangaTranslator\pylib_boot\proxy_tools-0.1.0.dist-info\INSTALLER
   Compressing: C:\Users\USER\Desktop\MangaTranslateProject\build\..\dist\MangaTranslator\pylib_boot\proxy_tools-0.1.0.dist-info\METADATA
   Compressing: C:\Users\USER\Desktop\MangaTranslateProject\build\..\dist\MangaTranslator\pylib_boot\proxy_tools-0.1.0.dist-info\RECORD
   Compressing: C:\Users\USER\Desktop\MangaTranslateProject\build\..\dist\MangaTranslator\pylib_boot\proxy_tools-0.1.0.dist-info\top_level.txt
   Compressing: C:\Users\USER\Desktop\MangaTranslateProject\build\..\dist\MangaTranslator\pylib_boot\proxy_tools-0.1.0.dist-info\WHEEL
   Compressing: C:\Users\USER\Desktop\MangaTranslateProject\build\..\dist\MangaTranslator\pylib_boot\pycparser\ast_transforms.py
   Compressing: C:\Users\USER\Desktop\MangaTranslateProject\build\..\dist\MangaTranslator\pylib_boot\pycparser\c_ast.py
   Compressing: C:\Users\USER\Desktop\MangaTranslateProject\build\..\dist\MangaTranslator\pylib_boot\pycparser\c_generator.py
   Compressing: C:\Users\USER\Desktop\MangaTranslateProject\build\..\dist\MangaTranslator\pylib_boot\pycparser\c_lexer.py
   Compressing: C:\Users\USER\Desktop\MangaTranslateProject\build\..\dist\MangaTranslator\pylib_boot\pycparser\c_parser.py
   Compressing: C:\Users\USER\Desktop\MangaTranslateProject\build\..\dist\MangaTranslator\pylib_boot\pycparser\_ast_gen.py
   Compressing: C:\Users\USER\Desktop\MangaTranslateProject\build\..\dist\MangaTranslator\pylib_boot\pycparser\_c_ast.cfg
   Compressing: C:\Users\USER\Desktop\MangaTranslateProject\build\..\dist\MangaTranslator\pylib_boot\pycparser\__init__.py
   Compressing: C:\Users\USER\Desktop\MangaTranslateProject\build\..\dist\MangaTranslator\pylib_boot\pycparser\__pycache__\ast_transforms.cpython-313.pyc
   Compressing: C:\Users\USER\Desktop\MangaTranslateProject\build\..\dist\MangaTranslator\pylib_boot\pycparser\__pycache__\c_ast.cpython-313.pyc
   Compressing: C:\Users\USER\Desktop\MangaTranslateProject\build\..\dist\MangaTranslator\pylib_boot\pycparser\__pycache__\c_generator.cpython-313.pyc
   Compressing: C:\Users\USER\Desktop\MangaTranslateProject\build\..\dist\MangaTranslator\pylib_boot\pycparser\__pycache__\c_lexer.cpython-313.pyc
   Compressing: C:\Users\USER\Desktop\MangaTranslateProject\build\..\dist\MangaTranslator\pylib_boot\pycparser\__pycache__\c_parser.cpython-313.pyc
   Compressing: C:\Users\USER\Desktop\MangaTranslateProject\build\..\dist\MangaTranslator\pylib_boot\pycparser\__pycache__\_ast_gen.cpython-313.pyc
   Compressing: C:\Users\USER\Desktop\MangaTranslateProject\build\..\dist\MangaTranslator\pylib_boot\pycparser\__pycache__\__init__.cpython-313.pyc
   Compressing: C:\Users\USER\Desktop\MangaTranslateProject\build\..\dist\MangaTranslator\pylib_boot\pycparser-3.0.dist-info\INSTALLER
   Compressing: C:\Users\USER\Desktop\MangaTranslateProject\build\..\dist\MangaTranslator\pylib_boot\pycparser-3.0.dist-info\METADATA
   Compressing: C:\Users\USER\Desktop\MangaTranslateProject\build\..\dist\MangaTranslator\pylib_boot\pycparser-3.0.dist-info\RECORD
   Compressing: C:\Users\USER\Desktop\MangaTranslateProject\build\..\dist\MangaTranslator\pylib_boot\pycparser-3.0.dist-info\top_level.txt
   Compressing: C:\Users\USER\Desktop\MangaTranslateProject\build\..\dist\MangaTranslator\pylib_boot\pycparser-3.0.dist-info\WHEEL
   Compressing: C:\Users\USER\Desktop\MangaTranslateProject\build\..\dist\MangaTranslator\pylib_boot\pycparser-3.0.dist-info\licenses\LICENSE
   Compressing: C:\Users\USER\Desktop\MangaTranslateProject\build\..\dist\MangaTranslator\pylib_boot\pythonnet\__init__.py
   Compressing: C:\Users\USER\Desktop\MangaTranslateProject\build\..\dist\MangaTranslator\pylib_boot\pythonnet\runtime\Microsoft.Win32.Primitives.dll
   Compressing: C:\Users\USER\Desktop\MangaTranslateProject\build\..\dist\MangaTranslator\pylib_boot\pythonnet\runtime\netstandard.dll
   Compressing: C:\Users\USER\Desktop\MangaTranslateProject\build\..\dist\MangaTranslator\pylib_boot\pythonnet\runtime\Python.Runtime.deps.json
   Compressing: C:\Users\USER\Desktop\MangaTranslateProject\build\..\dist\MangaTranslator\pylib_boot\pythonnet\runtime\Python.Runtime.dll
   Compressing: C:\Users\USER\Desktop\MangaTranslateProject\build\..\dist\MangaTranslator\pylib_boot\pythonnet\runtime\Python.Runtime.xml
   Compressing: C:\Users\USER\Desktop\MangaTranslateProject\build\..\dist\MangaTranslator\pylib_boot\pythonnet\runtime\System.AppContext.dll
   Compressing: C:\Users\USER\Desktop\MangaTranslateProject\build\..\dist\MangaTranslator\pylib_boot\pythonnet\runtime\System.Collections.Concurrent.dll
   Compressing: C:\Users\USER\Desktop\MangaTranslateProject\build\..\dist\MangaTranslator\pylib_boot\pythonnet\runtime\System.Collections.dll
   Compressing: C:\Users\USER\Desktop\MangaTranslateProject\build\..\dist\MangaTranslator\pylib_boot\pythonnet\runtime\System.Collections.NonGeneric.dll
   Compressing: C:\Users\USER\Desktop\MangaTranslateProject\build\..\dist\MangaTranslator\pylib_boot\pythonnet\runtime\System.Collections.Specialized.dll
   Compressing: C:\Users\USER\Desktop\MangaTranslateProject\build\..\dist\MangaTranslator\pylib_boot\pythonnet\runtime\System.ComponentModel.dll
   Compressing: C:\Users\USER\Desktop\MangaTranslateProject\build\..\dist\MangaTranslator\pylib_boot\pythonnet\runtime\System.ComponentModel.EventBasedAsync.dll
   Compressing: C:\Users\USER\Desktop\MangaTranslateProject\build\..\dist\MangaTranslator\pylib_boot\pythonnet\runtime\System.ComponentModel.Primitives.dll
   Compressing: C:\Users\USER\Desktop\MangaTranslateProject\build\..\dist\MangaTranslator\pylib_boot\pythonnet\runtime\System.ComponentModel.TypeConverter.dll
   Compressing: C:\Users\USER\Desktop\MangaTranslateProject\build\..\dist\MangaTranslator\pylib_boot\pythonnet\runtime\System.Console.dll
   Compressing: C:\Users\USER\Desktop\MangaTranslateProject\build\..\dist\MangaTranslator\pylib_boot\pythonnet\runtime\System.Data.Common.dll
   Compressing: C:\Users\USER\Desktop\MangaTranslateProject\build\..\dist\MangaTranslator\pylib_boot\pythonnet\runtime\System.Diagnostics.Contracts.dll
   Compressing: C:\Users\USER\Desktop\MangaTranslateProject\build\..\dist\MangaTranslator\pylib_boot\pythonnet\runtime\System.Diagnostics.Debug.dll
   Compressing: C:\Users\USER\Desktop\MangaTranslateProject\build\..\dist\MangaTranslator\pylib_boot\pythonnet\runtime\System.Diagnostics.FileVersionInfo.dll
   Compressing: C:\Users\USER\Desktop\MangaTranslateProject\build\..\dist\MangaTranslator\pylib_boot\pythonnet\runtime\System.Diagnostics.Process.dll
   Compressing: C:\Users\USER\Desktop\MangaTranslateProject\build\..\dist\MangaTranslator\pylib_boot\pythonnet\runtime\System.Diagnostics.StackTrace.dll
   Compressing: C:\Users\USER\Desktop\MangaTranslateProject\build\..\dist\MangaTranslator\pylib_boot\pythonnet\runtime\System.Diagnostics.TextWriterTraceListener.dll
   Compressing: C:\Users\USER\Desktop\MangaTranslateProject\build\..\dist\MangaTranslator\pylib_boot\pythonnet\runtime\System.Diagnostics.Tools.dll
   Compressing: C:\Users\USER\Desktop\MangaTranslateProject\build\..\dist\MangaTranslator\pylib_boot\pythonnet\runtime\System.Diagnostics.TraceSource.dll
   Compressing: C:\Users\USER\Desktop\MangaTranslateProject\build\..\dist\MangaTranslator\pylib_boot\pythonnet\runtime\System.Diagnostics.Tracing.dll
   Compressing: C:\Users\USER\Desktop\MangaTranslateProject\build\..\dist\MangaTranslator\pylib_boot\pythonnet\runtime\System.Drawing.Primitives.dll
   Compressing: C:\Users\USER\Desktop\MangaTranslateProject\build\..\dist\MangaTranslator\pylib_boot\pythonnet\runtime\System.Dynamic.Runtime.dll
   Compressing: C:\Users\USER\Desktop\MangaTranslateProject\build\..\dist\MangaTranslator\pylib_boot\pythonnet\runtime\System.Globalization.Calendars.dll
   Compressing: C:\Users\USER\Desktop\MangaTranslateProject\build\..\dist\MangaTranslator\pylib_boot\pythonnet\runtime\System.Globalization.dll
   Compressing: C:\Users\USER\Desktop\MangaTranslateProject\build\..\dist\MangaTranslator\pylib_boot\pythonnet\runtime\System.Globalization.Extensions.dll
   Compressing: C:\Users\USER\Desktop\MangaTranslateProject\build\..\dist\MangaTranslator\pylib_boot\pythonnet\runtime\System.IO.Compression.dll
   Compressing: C:\Users\USER\Desktop\MangaTranslateProject\build\..\dist\MangaTranslator\pylib_boot\pythonnet\runtime\System.IO.Compression.ZipFile.dll
   Compressing: C:\Users\USER\Desktop\MangaTranslateProject\build\..\dist\MangaTranslator\pylib_boot\pythonnet\runtime\System.IO.dll
   Compressing: C:\Users\USER\Desktop\MangaTranslateProject\build\..\dist\MangaTranslator\pylib_boot\pythonnet\runtime\System.IO.FileSystem.dll
   Compressing: C:\Users\USER\Desktop\MangaTranslateProject\build\..\dist\MangaTranslator\pylib_boot\pythonnet\runtime\System.IO.FileSystem.DriveInfo.dll
   Compressing: C:\Users\USER\Desktop\MangaTranslateProject\build\..\dist\MangaTranslator\pylib_boot\pythonnet\runtime\System.IO.FileSystem.Primitives.dll
   Compressing: C:\Users\USER\Desktop\MangaTranslateProject\build\..\dist\MangaTranslator\pylib_boot\pythonnet\runtime\System.IO.FileSystem.Watcher.dll
   Compressing: C:\Users\USER\Desktop\MangaTranslateProject\build\..\dist\MangaTranslator\pylib_boot\pythonnet\runtime\System.IO.IsolatedStorage.dll
   Compressing: C:\Users\USER\Desktop\MangaTranslateProject\build\..\dist\MangaTranslator\pylib_boot\pythonnet\runtime\System.IO.MemoryMappedFiles.dll
   Compressing: C:\Users\USER\Desktop\MangaTranslateProject\build\..\dist\MangaTranslator\pylib_boot\pythonnet\runtime\System.IO.Pipes.dll
   Compressing: C:\Users\USER\Desktop\MangaTranslateProject\build\..\dist\MangaTranslator\pylib_boot\pythonnet\runtime\System.IO.UnmanagedMemoryStream.dll
   Compressing: C:\Users\USER\Desktop\MangaTranslateProject\build\..\dist\MangaTranslator\pylib_boot\pythonnet\runtime\System.Linq.dll
   Compressing: C:\Users\USER\Desktop\MangaTranslateProject\build\..\dist\MangaTranslator\pylib_boot\pythonnet\runtime\System.Linq.Expressions.dll
   Compressing: C:\Users\USER\Desktop\MangaTranslateProject\build\..\dist\MangaTranslator\pylib_boot\pythonnet\runtime\System.Linq.Parallel.dll
   Compressing: C:\Users\USER\Desktop\MangaTranslateProject\build\..\dist\MangaTranslator\pylib_boot\pythonnet\runtime\System.Linq.Queryable.dll
   Compressing: C:\Users\USER\Desktop\MangaTranslateProject\build\..\dist\MangaTranslator\pylib_boot\pythonnet\runtime\System.Net.Http.dll
   Compressing: C:\Users\USER\Desktop\MangaTranslateProject\build\..\dist\MangaTranslator\pylib_boot\pythonnet\runtime\System.Net.NameResolution.dll
   Compressing: C:\Users\USER\Desktop\MangaTranslateProject\build\..\dist\MangaTranslator\pylib_boot\pythonnet\runtime\System.Net.NetworkInformation.dll
   Compressing: C:\Users\USER\Desktop\MangaTranslateProject\build\..\dist\MangaTranslator\pylib_boot\pythonnet\runtime\System.Net.Ping.dll
   Compressing: C:\Users\USER\Desktop\MangaTranslateProject\build\..\dist\MangaTranslator\pylib_boot\pythonnet\runtime\System.Net.Primitives.dll
   Compressing: C:\Users\USER\Desktop\MangaTranslateProject\build\..\dist\MangaTranslator\pylib_boot\pythonnet\runtime\System.Net.Requests.dll
   Compressing: C:\Users\USER\Desktop\MangaTranslateProject\build\..\dist\MangaTranslator\pylib_boot\pythonnet\runtime\System.Net.Security.dll
   Compressing: C:\Users\USER\Desktop\MangaTranslateProject\build\..\dist\MangaTranslator\pylib_boot\pythonnet\runtime\System.Net.Sockets.dll
   Compressing: C:\Users\USER\Desktop\MangaTranslateProject\build\..\dist\MangaTranslator\pylib_boot\pythonnet\runtime\System.Net.WebHeaderCollection.dll
   Compressing: C:\Users\USER\Desktop\MangaTranslateProject\build\..\dist\MangaTranslator\pylib_boot\pythonnet\runtime\System.Net.WebSockets.Client.dll
   Compressing: C:\Users\USER\Desktop\MangaTranslateProject\build\..\dist\MangaTranslator\pylib_boot\pythonnet\runtime\System.Net.WebSockets.dll
   Compressing: C:\Users\USER\Desktop\MangaTranslateProject\build\..\dist\MangaTranslator\pylib_boot\pythonnet\runtime\System.ObjectModel.dll
   Compressing: C:\Users\USER\Desktop\MangaTranslateProject\build\..\dist\MangaTranslator\pylib_boot\pythonnet\runtime\System.Reflection.dll
   Compressing: C:\Users\USER\Desktop\MangaTranslateProject\build\..\dist\MangaTranslator\pylib_boot\pythonnet\runtime\System.Reflection.Extensions.dll
   Compressing: C:\Users\USER\Desktop\MangaTranslateProject\build\..\dist\MangaTranslator\pylib_boot\pythonnet\runtime\System.Reflection.Primitives.dll
   Compressing: C:\Users\USER\Desktop\MangaTranslateProject\build\..\dist\MangaTranslator\pylib_boot\pythonnet\runtime\System.Resources.Reader.dll
   Compressing: C:\Users\USER\Desktop\MangaTranslateProject\build\..\dist\MangaTranslator\pylib_boot\pythonnet\runtime\System.Resources.ResourceManager.dll
   Compressing: C:\Users\USER\Desktop\MangaTranslateProject\build\..\dist\MangaTranslator\pylib_boot\pythonnet\runtime\System.Resources.Writer.dll
   Compressing: C:\Users\USER\Desktop\MangaTranslateProject\build\..\dist\MangaTranslator\pylib_boot\pythonnet\runtime\System.Runtime.CompilerServices.VisualC.dll
   Compressing: C:\Users\USER\Desktop\MangaTranslateProject\build\..\dist\MangaTranslator\pylib_boot\pythonnet\runtime\System.Runtime.dll
   Compressing: C:\Users\USER\Desktop\MangaTranslateProject\build\..\dist\MangaTranslator\pylib_boot\pythonnet\runtime\System.Runtime.Extensions.dll
   Compressing: C:\Users\USER\Desktop\MangaTranslateProject\build\..\dist\MangaTranslator\pylib_boot\pythonnet\runtime\System.Runtime.Handles.dll
   Compressing: C:\Users\USER\Desktop\MangaTranslateProject\build\..\dist\MangaTranslator\pylib_boot\pythonnet\runtime\System.Runtime.InteropServices.dll
   Compressing: C:\Users\USER\Desktop\MangaTranslateProject\build\..\dist\MangaTranslator\pylib_boot\pythonnet\runtime\System.Runtime.InteropServices.RuntimeInformation.dll
   Compressing: C:\Users\USER\Desktop\MangaTranslateProject\build\..\dist\MangaTranslator\pylib_boot\pythonnet\runtime\System.Runtime.Numerics.dll
   Compressing: C:\Users\USER\Desktop\MangaTranslateProject\build\..\dist\MangaTranslator\pylib_boot\pythonnet\runtime\System.Runtime.Serialization.Formatters.dll
   Compressing: C:\Users\USER\Desktop\MangaTranslateProject\build\..\dist\MangaTranslator\pylib_boot\pythonnet\runtime\System.Runtime.Serialization.Json.dll
   Compressing: C:\Users\USER\Desktop\MangaTranslateProject\build\..\dist\MangaTranslator\pylib_boot\pythonnet\runtime\System.Runtime.Serialization.Primitives.dll
   Compressing: C:\Users\USER\Desktop\MangaTranslateProject\build\..\dist\MangaTranslator\pylib_boot\pythonnet\runtime\System.Runtime.Serialization.Xml.dll
   Compressing: C:\Users\USER\Desktop\MangaTranslateProject\build\..\dist\MangaTranslator\pylib_boot\pythonnet\runtime\System.Security.Claims.dll
   Compressing: C:\Users\USER\Desktop\MangaTranslateProject\build\..\dist\MangaTranslator\pylib_boot\pythonnet\runtime\System.Security.Cryptography.Algorithms.dll
   Compressing: C:\Users\USER\Desktop\MangaTranslateProject\build\..\dist\MangaTranslator\pylib_boot\pythonnet\runtime\System.Security.Cryptography.Csp.dll
   Compressing: C:\Users\USER\Desktop\MangaTranslateProject\build\..\dist\MangaTranslator\pylib_boot\pythonnet\runtime\System.Security.Cryptography.Encoding.dll
   Compressing: C:\Users\USER\Desktop\MangaTranslateProject\build\..\dist\MangaTranslator\pylib_boot\pythonnet\runtime\System.Security.Cryptography.Primitives.dll
   Compressing: C:\Users\USER\Desktop\MangaTranslateProject\build\..\dist\MangaTranslator\pylib_boot\pythonnet\runtime\System.Security.Cryptography.X509Certificates.dll
   Compressing: C:\Users\USER\Desktop\MangaTranslateProject\build\..\dist\MangaTranslator\pylib_boot\pythonnet\runtime\System.Security.Principal.dll
   Compressing: C:\Users\USER\Desktop\MangaTranslateProject\build\..\dist\MangaTranslator\pylib_boot\pythonnet\runtime\System.Security.SecureString.dll
   Compressing: C:\Users\USER\Desktop\MangaTranslateProject\build\..\dist\MangaTranslator\pylib_boot\pythonnet\runtime\System.Text.Encoding.dll
   Compressing: C:\Users\USER\Desktop\MangaTranslateProject\build\..\dist\MangaTranslator\pylib_boot\pythonnet\runtime\System.Text.Encoding.Extensions.dll
   Compressing: C:\Users\USER\Desktop\MangaTranslateProject\build\..\dist\MangaTranslator\pylib_boot\pythonnet\runtime\System.Text.RegularExpressions.dll
   Compressing: C:\Users\USER\Desktop\MangaTranslateProject\build\..\dist\MangaTranslator\pylib_boot\pythonnet\runtime\System.Threading.dll
   Compressing: C:\Users\USER\Desktop\MangaTranslateProject\build\..\dist\MangaTranslator\pylib_boot\pythonnet\runtime\System.Threading.Overlapped.dll
   Compressing: C:\Users\USER\Desktop\MangaTranslateProject\build\..\dist\MangaTranslator\pylib_boot\pythonnet\runtime\System.Threading.Tasks.dll
   Compressing: C:\Users\USER\Desktop\MangaTranslateProject\build\..\dist\MangaTranslator\pylib_boot\pythonnet\runtime\System.Threading.Tasks.Parallel.dll
   Compressing: C:\Users\USER\Desktop\MangaTranslateProject\build\..\dist\MangaTranslator\pylib_boot\pythonnet\runtime\System.Threading.Thread.dll
   Compressing: C:\Users\USER\Desktop\MangaTranslateProject\build\..\dist\MangaTranslator\pylib_boot\pythonnet\runtime\System.Threading.ThreadPool.dll
   Compressing: C:\Users\USER\Desktop\MangaTranslateProject\build\..\dist\MangaTranslator\pylib_boot\pythonnet\runtime\System.Threading.Timer.dll
   Compressing: C:\Users\USER\Desktop\MangaTranslateProject\build\..\dist\MangaTranslator\pylib_boot\pythonnet\runtime\System.ValueTuple.dll
   Compressing: C:\Users\USER\Desktop\MangaTranslateProject\build\..\dist\MangaTranslator\pylib_boot\pythonnet\runtime\System.Xml.ReaderWriter.dll
   Compressing: C:\Users\USER\Desktop\MangaTranslateProject\build\..\dist\MangaTranslator\pylib_boot\pythonnet\runtime\System.Xml.XDocument.dll
   Compressing: C:\Users\USER\Desktop\MangaTranslateProject\build\..\dist\MangaTranslator\pylib_boot\pythonnet\runtime\System.Xml.XmlDocument.dll
   Compressing: C:\Users\USER\Desktop\MangaTranslateProject\build\..\dist\MangaTranslator\pylib_boot\pythonnet\runtime\System.Xml.XmlSerializer.dll
   Compressing: C:\Users\USER\Desktop\MangaTranslateProject\build\..\dist\MangaTranslator\pylib_boot\pythonnet\runtime\System.Xml.XPath.dll
   Compressing: C:\Users\USER\Desktop\MangaTranslateProject\build\..\dist\MangaTranslator\pylib_boot\pythonnet\runtime\System.Xml.XPath.XDocument.dll
   Compressing: C:\Users\USER\Desktop\MangaTranslateProject\build\..\dist\MangaTranslator\pylib_boot\pythonnet\_pyinstaller\hook-clr.py
   Compressing: C:\Users\USER\Desktop\MangaTranslateProject\build\..\dist\MangaTranslator\pylib_boot\pythonnet\_pyinstaller\__init__.py
   Compressing: C:\Users\USER\Desktop\MangaTranslateProject\build\..\dist\MangaTranslator\pylib_boot\pythonnet\_pyinstaller\__pycache__\hook-clr.cpython-313.pyc
   Compressing: C:\Users\USER\Desktop\MangaTranslateProject\build\..\dist\MangaTranslator\pylib_boot\pythonnet\_pyinstaller\__pycache__\__init__.cpython-313.pyc
   Compressing: C:\Users\USER\Desktop\MangaTranslateProject\build\..\dist\MangaTranslator\pylib_boot\pythonnet\__pycache__\__init__.cpython-313.pyc
   Compressing: C:\Users\USER\Desktop\MangaTranslateProject\build\..\dist\MangaTranslator\pylib_boot\pythonnet-3.1.0.dist-info\entry_points.txt
   Compressing: C:\Users\USER\Desktop\MangaTranslateProject\build\..\dist\MangaTranslator\pylib_boot\pythonnet-3.1.0.dist-info\INSTALLER
   Compressing: C:\Users\USER\Desktop\MangaTranslateProject\build\..\dist\MangaTranslator\pylib_boot\pythonnet-3.1.0.dist-info\METADATA
   Compressing: C:\Users\USER\Desktop\MangaTranslateProject\build\..\dist\MangaTranslator\pylib_boot\pythonnet-3.1.0.dist-info\RECORD
   Compressing: C:\Users\USER\Desktop\MangaTranslateProject\build\..\dist\MangaTranslator\pylib_boot\pythonnet-3.1.0.dist-info\top_level.txt
   Compressing: C:\Users\USER\Desktop\MangaTranslateProject\build\..\dist\MangaTranslator\pylib_boot\pythonnet-3.1.0.dist-info\WHEEL
   Compressing: C:\Users\USER\Desktop\MangaTranslateProject\build\..\dist\MangaTranslator\pylib_boot\pythonnet-3.1.0.dist-info\licenses\AUTHORS.md
   Compressing: C:\Users\USER\Desktop\MangaTranslateProject\build\..\dist\MangaTranslator\pylib_boot\pythonnet-3.1.0.dist-info\licenses\LICENSE
   Compressing: C:\Users\USER\Desktop\MangaTranslateProject\build\..\dist\MangaTranslator\pylib_boot\pywebview-6.2.1.dist-info\entry_points.txt
   Compressing: C:\Users\USER\Desktop\MangaTranslateProject\build\..\dist\MangaTranslator\pylib_boot\pywebview-6.2.1.dist-info\INSTALLER
   Compressing: C:\Users\USER\Desktop\MangaTranslateProject\build\..\dist\MangaTranslator\pylib_boot\pywebview-6.2.1.dist-info\METADATA
   Compressing: C:\Users\USER\Desktop\MangaTranslateProject\build\..\dist\MangaTranslator\pylib_boot\pywebview-6.2.1.dist-info\RECORD
   Compressing: C:\Users\USER\Desktop\MangaTranslateProject\build\..\dist\MangaTranslator\pylib_boot\pywebview-6.2.1.dist-info\REQUESTED
   Compressing: C:\Users\USER\Desktop\MangaTranslateProject\build\..\dist\MangaTranslator\pylib_boot\pywebview-6.2.1.dist-info\top_level.txt
   Compressing: C:\Users\USER\Desktop\MangaTranslateProject\build\..\dist\MangaTranslator\pylib_boot\pywebview-6.2.1.dist-info\WHEEL
   Compressing: C:\Users\USER\Desktop\MangaTranslateProject\build\..\dist\MangaTranslator\pylib_boot\pywebview-6.2.1.dist-info\licenses\LICENSE
   Compressing: C:\Users\USER\Desktop\MangaTranslateProject\build\..\dist\MangaTranslator\pylib_boot\setuptools\archive_util.py
   Compressing: C:\Users\USER\Desktop\MangaTranslateProject\build\..\dist\MangaTranslator\pylib_boot\setuptools\build_meta.py
   Compressing: C:\Users\USER\Desktop\MangaTranslateProject\build\..\dist\MangaTranslator\pylib_boot\setuptools\cli-32.exe
   Compressing: C:\Users\USER\Desktop\MangaTranslateProject\build\..\dist\MangaTranslator\pylib_boot\setuptools\cli-64.exe
   Compressing: C:\Users\USER\Desktop\MangaTranslateProject\build\..\dist\MangaTranslator\pylib_boot\setuptools\cli-arm64.exe
   Compressing: C:\Users\USER\Desktop\MangaTranslateProject\build\..\dist\MangaTranslator\pylib_boot\setuptools\cli.exe
   Compressing: C:\Users\USER\Desktop\MangaTranslateProject\build\..\dist\MangaTranslator\pylib_boot\setuptools\depends.py
   Compressing: C:\Users\USER\Desktop\MangaTranslateProject\build\..\dist\MangaTranslator\pylib_boot\setuptools\discovery.py
   Compressing: C:\Users\USER\Desktop\MangaTranslateProject\build\..\dist\MangaTranslator\pylib_boot\setuptools\dist.py
   Compressing: C:\Users\USER\Desktop\MangaTranslateProject\build\..\dist\MangaTranslator\pylib_boot\setuptools\errors.py
   Compressing: C:\Users\USER\Desktop\MangaTranslateProject\build\..\dist\MangaTranslator\pylib_boot\setuptools\extension.py
   Compressing: C:\Users\USER\Desktop\MangaTranslateProject\build\..\dist\MangaTranslator\pylib_boot\setuptools\glob.py
   Compressing: C:\Users\USER\Desktop\MangaTranslateProject\build\..\dist\MangaTranslator\pylib_boot\setuptools\gui-32.exe
   Compressing: C:\Users\USER\Desktop\MangaTranslateProject\build\..\dist\MangaTranslator\pylib_boot\setuptools\gui-64.exe
   Compressing: C:\Users\USER\Desktop\MangaTranslateProject\build\..\dist\MangaTranslator\pylib_boot\setuptools\gui-arm64.exe
   Compressing: C:\Users\USER\Desktop\MangaTranslateProject\build\..\dist\MangaTranslator\pylib_boot\setuptools\gui.exe
   Compressing: C:\Users\USER\Desktop\MangaTranslateProject\build\..\dist\MangaTranslator\pylib_boot\setuptools\installer.py
   Compressing: C:\Users\USER\Desktop\MangaTranslateProject\build\..\dist\MangaTranslator\pylib_boot\setuptools\launch.py
   Compressing: C:\Users\USER\Desktop\MangaTranslateProject\build\..\dist\MangaTranslator\pylib_boot\setuptools\launcher manifest.xml
   Compressing: C:\Users\USER\Desktop\MangaTranslateProject\build\..\dist\MangaTranslator\pylib_boot\setuptools\logging.py
   Compressing: C:\Users\USER\Desktop\MangaTranslateProject\build\..\dist\MangaTranslator\pylib_boot\setuptools\modified.py
   Compressing: C:\Users\USER\Desktop\MangaTranslateProject\build\..\dist\MangaTranslator\pylib_boot\setuptools\monkey.py
   Compressing: C:\Users\USER\Desktop\MangaTranslateProject\build\..\dist\MangaTranslator\pylib_boot\setuptools\msvc.py
   Compressing: C:\Users\USER\Desktop\MangaTranslateProject\build\..\dist\MangaTranslator\pylib_boot\setuptools\namespaces.py
   Compressing: C:\Users\USER\Desktop\MangaTranslateProject\build\..\dist\MangaTranslator\pylib_boot\setuptools\script (dev).tmpl
   Compressing: C:\Users\USER\Desktop\MangaTranslateProject\build\..\dist\MangaTranslator\pylib_boot\setuptools\script.tmpl
   Compressing: C:\Users\USER\Desktop\MangaTranslateProject\build\..\dist\MangaTranslator\pylib_boot\setuptools\unicode_utils.py
   Compressing: C:\Users\USER\Desktop\MangaTranslateProject\build\..\dist\MangaTranslator\pylib_boot\setuptools\version.py
   Compressing: C:\Users\USER\Desktop\MangaTranslateProject\build\..\dist\MangaTranslator\pylib_boot\setuptools\warnings.py
   Compressing: C:\Users\USER\Desktop\MangaTranslateProject\build\..\dist\MangaTranslator\pylib_boot\setuptools\wheel.py
   Compressing: C:\Users\USER\Desktop\MangaTranslateProject\build\..\dist\MangaTranslator\pylib_boot\setuptools\windows_support.py
   Compressing: C:\Users\USER\Desktop\MangaTranslateProject\build\..\dist\MangaTranslator\pylib_boot\setuptools\_core_metadata.py
   Compressing: C:\Users\USER\Desktop\MangaTranslateProject\build\..\dist\MangaTranslator\pylib_boot\setuptools\_discovery.py
   Compressing: C:\Users\USER\Desktop\MangaTranslateProject\build\..\dist\MangaTranslator\pylib_boot\setuptools\_entry_points.py
   Compressing: C:\Users\USER\Desktop\MangaTranslateProject\build\..\dist\MangaTranslator\pylib_boot\setuptools\_imp.py
   Compressing: C:\Users\USER\Desktop\MangaTranslateProject\build\..\dist\MangaTranslator\pylib_boot\setuptools\_importlib.py
   Compressing: C:\Users\USER\Desktop\MangaTranslateProject\build\..\dist\MangaTranslator\pylib_boot\setuptools\_itertools.py
   Compressing: C:\Users\USER\Desktop\MangaTranslateProject\build\..\dist\MangaTranslator\pylib_boot\setuptools\_normalization.py
   Compressing: C:\Users\USER\Desktop\MangaTranslateProject\build\..\dist\MangaTranslator\pylib_boot\setuptools\_path.py
   Compressing: C:\Users\USER\Desktop\MangaTranslateProject\build\..\dist\MangaTranslator\pylib_boot\setuptools\_reqs.py
   Compressing: C:\Users\USER\Desktop\MangaTranslateProject\build\..\dist\MangaTranslator\pylib_boot\setuptools\_scripts.py
   Compressing: C:\Users\USER\Desktop\MangaTranslateProject\build\..\dist\MangaTranslator\pylib_boot\setuptools\_shutil.py
   Compressing: C:\Users\USER\Desktop\MangaTranslateProject\build\..\dist\MangaTranslator\pylib_boot\setuptools\_static.py
   Compressing: C:\Users\USER\Desktop\MangaTranslateProject\build\..\dist\MangaTranslator\pylib_boot\setuptools\__init__.py
   Compressing: C:\Users\USER\Desktop\MangaTranslateProject\build\..\dist\MangaTranslator\pylib_boot\setuptools\command\alias.py
   Compressing: C:\Users\USER\Desktop\MangaTranslateProject\build\..\dist\MangaTranslator\pylib_boot\setuptools\command\bdist_egg.py
   Compressing: C:\Users\USER\Desktop\MangaTranslateProject\build\..\dist\MangaTranslator\pylib_boot\setuptools\command\bdist_rpm.py
   Compressing: C:\Users\USER\Desktop\MangaTranslateProject\build\..\dist\MangaTranslator\pylib_boot\setuptools\command\bdist_wheel.py
   Compressing: C:\Users\USER\Desktop\MangaTranslateProject\build\..\dist\MangaTranslator\pylib_boot\setuptools\command\build.py
   Compressing: C:\Users\USER\Desktop\MangaTranslateProject\build\..\dist\MangaTranslator\pylib_boot\setuptools\command\build_clib.py
   Compressing: C:\Users\USER\Desktop\MangaTranslateProject\build\..\dist\MangaTranslator\pylib_boot\setuptools\command\build_ext.py
   Compressing: C:\Users\USER\Desktop\MangaTranslateProject\build\..\dist\MangaTranslator\pylib_boot\setuptools\command\build_py.py
   Compressing: C:\Users\USER\Desktop\MangaTranslateProject\build\..\dist\MangaTranslator\pylib_boot\setuptools\command\develop.py
   Compressing: C:\Users\USER\Desktop\MangaTranslateProject\build\..\dist\MangaTranslator\pylib_boot\setuptools\command\dist_info.py
   Compressing: C:\Users\USER\Desktop\MangaTranslateProject\build\..\dist\MangaTranslator\pylib_boot\setuptools\command\easy_install.py
   Compressing: C:\Users\USER\Desktop\MangaTranslateProject\build\..\dist\MangaTranslator\pylib_boot\setuptools\command\editable_wheel.py
   Compressing: C:\Users\USER\Desktop\MangaTranslateProject\build\..\dist\MangaTranslator\pylib_boot\setuptools\command\egg_info.py
   Compressing: C:\Users\USER\Desktop\MangaTranslateProject\build\..\dist\MangaTranslator\pylib_boot\setuptools\command\install.py
   Compressing: C:\Users\USER\Desktop\MangaTranslateProject\build\..\dist\MangaTranslator\pylib_boot\setuptools\command\install_egg_info.py
   Compressing: C:\Users\USER\Desktop\MangaTranslateProject\build\..\dist\MangaTranslator\pylib_boot\setuptools\command\install_lib.py
   Compressing: C:\Users\USER\Desktop\MangaTranslateProject\build\..\dist\MangaTranslator\pylib_boot\setuptools\command\install_scripts.py
   Compressing: C:\Users\USER\Desktop\MangaTranslateProject\build\..\dist\MangaTranslator\pylib_boot\setuptools\command\rotate.py
   Compressing: C:\Users\USER\Desktop\MangaTranslateProject\build\..\dist\MangaTranslator\pylib_boot\setuptools\command\saveopts.py
   Compressing: C:\Users\USER\Desktop\MangaTranslateProject\build\..\dist\MangaTranslator\pylib_boot\setuptools\command\sdist.py
   Compressing: C:\Users\USER\Desktop\MangaTranslateProject\build\..\dist\MangaTranslator\pylib_boot\setuptools\command\setopt.py
   Compressing: C:\Users\USER\Desktop\MangaTranslateProject\build\..\dist\MangaTranslator\pylib_boot\setuptools\command\test.py
   Compressing: C:\Users\USER\Desktop\MangaTranslateProject\build\..\dist\MangaTranslator\pylib_boot\setuptools\command\_requirestxt.py
   Compressing: C:\Users\USER\Desktop\MangaTranslateProject\build\..\dist\MangaTranslator\pylib_boot\setuptools\command\__init__.py
   Compressing: C:\Users\USER\Desktop\MangaTranslateProject\build\..\dist\MangaTranslator\pylib_boot\setuptools\command\__pycache__\alias.cpython-313.pyc
   Compressing: C:\Users\USER\Desktop\MangaTranslateProject\build\..\dist\MangaTranslator\pylib_boot\setuptools\command\__pycache__\bdist_egg.cpython-313.pyc
   Compressing: C:\Users\USER\Desktop\MangaTranslateProject\build\..\dist\MangaTranslator\pylib_boot\setuptools\command\__pycache__\bdist_rpm.cpython-313.pyc
   Compressing: C:\Users\USER\Desktop\MangaTranslateProject\build\..\dist\MangaTranslator\pylib_boot\setuptools\command\__pycache__\bdist_wheel.cpython-313.pyc
   Compressing: C:\Users\USER\Desktop\MangaTranslateProject\build\..\dist\MangaTranslator\pylib_boot\setuptools\command\__pycache__\build.cpython-313.pyc
   Compressing: C:\Users\USER\Desktop\MangaTranslateProject\build\..\dist\MangaTranslator\pylib_boot\setuptools\command\__pycache__\build_clib.cpython-313.pyc
   Compressing: C:\Users\USER\Desktop\MangaTranslateProject\build\..\dist\MangaTranslator\pylib_boot\setuptools\command\__pycache__\build_ext.cpython-313.pyc
   Compressing: C:\Users\USER\Desktop\MangaTranslateProject\build\..\dist\MangaTranslator\pylib_boot\setuptools\command\__pycache__\build_py.cpython-313.pyc
   Compressing: C:\Users\USER\Desktop\MangaTranslateProject\build\..\dist\MangaTranslator\pylib_boot\setuptools\command\__pycache__\develop.cpython-313.pyc
   Compressing: C:\Users\USER\Desktop\MangaTranslateProject\build\..\dist\MangaTranslator\pylib_boot\setuptools\command\__pycache__\dist_info.cpython-313.pyc
   Compressing: C:\Users\USER\Desktop\MangaTranslateProject\build\..\dist\MangaTranslator\pylib_boot\setuptools\command\__pycache__\easy_install.cpython-313.pyc
   Compressing: C:\Users\USER\Desktop\MangaTranslateProject\build\..\dist\MangaTranslator\pylib_boot\setuptools\command\__pycache__\editable_wheel.cpython-313.pyc
   Compressing: C:\Users\USER\Desktop\MangaTranslateProject\build\..\dist\MangaTranslator\pylib_boot\setuptools\command\__pycache__\egg_info.cpython-313.pyc
   Compressing: C:\Users\USER\Desktop\MangaTranslateProject\build\..\dist\MangaTranslator\pylib_boot\setuptools\command\__pycache__\install.cpython-313.pyc
   Compressing: C:\Users\USER\Desktop\MangaTranslateProject\build\..\dist\MangaTranslator\pylib_boot\setuptools\command\__pycache__\install_egg_info.cpython-313.pyc
   Compressing: C:\Users\USER\Desktop\MangaTranslateProject\build\..\dist\MangaTranslator\pylib_boot\setuptools\command\__pycache__\install_lib.cpython-313.pyc
   Compressing: C:\Users\USER\Desktop\MangaTranslateProject\build\..\dist\MangaTranslator\pylib_boot\setuptools\command\__pycache__\install_scripts.cpython-313.pyc
   Compressing: C:\Users\USER\Desktop\MangaTranslateProject\build\..\dist\MangaTranslator\pylib_boot\setuptools\command\__pycache__\rotate.cpython-313.pyc
   Compressing: C:\Users\USER\Desktop\MangaTranslateProject\build\..\dist\MangaTranslator\pylib_boot\setuptools\command\__pycache__\saveopts.cpython-313.pyc
   Compressing: C:\Users\USER\Desktop\MangaTranslateProject\build\..\dist\MangaTranslator\pylib_boot\setuptools\command\__pycache__\sdist.cpython-313.pyc
   Compressing: C:\Users\USER\Desktop\MangaTranslateProject\build\..\dist\MangaTranslator\pylib_boot\setuptools\command\__pycache__\setopt.cpython-313.pyc
   Compressing: C:\Users\USER\Desktop\MangaTranslateProject\build\..\dist\MangaTranslator\pylib_boot\setuptools\command\__pycache__\test.cpython-313.pyc
   Compressing: C:\Users\USER\Desktop\MangaTranslateProject\build\..\dist\MangaTranslator\pylib_boot\setuptools\command\__pycache__\_requirestxt.cpython-313.pyc
   Compressing: C:\Users\USER\Desktop\MangaTranslateProject\build\..\dist\MangaTranslator\pylib_boot\setuptools\command\__pycache__\__init__.cpython-313.pyc
   Compressing: C:\Users\USER\Desktop\MangaTranslateProject\build\..\dist\MangaTranslator\pylib_boot\setuptools\compat\py310.py
   Compressing: C:\Users\USER\Desktop\MangaTranslateProject\build\..\dist\MangaTranslator\pylib_boot\setuptools\compat\py311.py
   Compressing: C:\Users\USER\Desktop\MangaTranslateProject\build\..\dist\MangaTranslator\pylib_boot\setuptools\compat\py312.py
   Compressing: C:\Users\USER\Desktop\MangaTranslateProject\build\..\dist\MangaTranslator\pylib_boot\setuptools\compat\py39.py
   Compressing: C:\Users\USER\Desktop\MangaTranslateProject\build\..\dist\MangaTranslator\pylib_boot\setuptools\compat\__init__.py
   Compressing: C:\Users\USER\Desktop\MangaTranslateProject\build\..\dist\MangaTranslator\pylib_boot\setuptools\compat\__pycache__\py310.cpython-313.pyc
   Compressing: C:\Users\USER\Desktop\MangaTranslateProject\build\..\dist\MangaTranslator\pylib_boot\setuptools\compat\__pycache__\py311.cpython-313.pyc
   Compressing: C:\Users\USER\Desktop\MangaTranslateProject\build\..\dist\MangaTranslator\pylib_boot\setuptools\compat\__pycache__\py312.cpython-313.pyc
   Compressing: C:\Users\USER\Desktop\MangaTranslateProject\build\..\dist\MangaTranslator\pylib_boot\setuptools\compat\__pycache__\py39.cpython-313.pyc
   Compressing: C:\Users\USER\Desktop\MangaTranslateProject\build\..\dist\MangaTranslator\pylib_boot\setuptools\compat\__pycache__\__init__.cpython-313.pyc
   Compressing: C:\Users\USER\Desktop\MangaTranslateProject\build\..\dist\MangaTranslator\pylib_boot\setuptools\config\distutils.schema.json
   Compressing: C:\Users\USER\Desktop\MangaTranslateProject\build\..\dist\MangaTranslator\pylib_boot\setuptools\config\expand.py
   Compressing: C:\Users\USER\Desktop\MangaTranslateProject\build\..\dist\MangaTranslator\pylib_boot\setuptools\config\NOTICE
   Compressing: C:\Users\USER\Desktop\MangaTranslateProject\build\..\dist\MangaTranslator\pylib_boot\setuptools\config\pyprojecttoml.py
   Compressing: C:\Users\USER\Desktop\MangaTranslateProject\build\..\dist\MangaTranslator\pylib_boot\setuptools\config\setupcfg.py
   Compressing: C:\Users\USER\Desktop\MangaTranslateProject\build\..\dist\MangaTranslator\pylib_boot\setuptools\config\setuptools.schema.json
   Compressing: C:\Users\USER\Desktop\MangaTranslateProject\build\..\dist\MangaTranslator\pylib_boot\setuptools\config\_apply_pyprojecttoml.py
   Compressing: C:\Users\USER\Desktop\MangaTranslateProject\build\..\dist\MangaTranslator\pylib_boot\setuptools\config\__init__.py
   Compressing: C:\Users\USER\Desktop\MangaTranslateProject\build\..\dist\MangaTranslator\pylib_boot\setuptools\config\_validate_pyproject\error_reporting.py
   Compressing: C:\Users\USER\Desktop\MangaTranslateProject\build\..\dist\MangaTranslator\pylib_boot\setuptools\config\_validate_pyproject\extra_validations.py
   Compressing: C:\Users\USER\Desktop\MangaTranslateProject\build\..\dist\MangaTranslator\pylib_boot\setuptools\config\_validate_pyproject\fastjsonschema_exceptions.py
   Compressing: C:\Users\USER\Desktop\MangaTranslateProject\build\..\dist\MangaTranslator\pylib_boot\setuptools\config\_validate_pyproject\fastjsonschema_validations.py
   Compressing: C:\Users\USER\Desktop\MangaTranslateProject\build\..\dist\MangaTranslator\pylib_boot\setuptools\config\_validate_pyproject\formats.py
   Compressing: C:\Users\USER\Desktop\MangaTranslateProject\build\..\dist\MangaTranslator\pylib_boot\setuptools\config\_validate_pyproject\NOTICE
   Compressing: C:\Users\USER\Desktop\MangaTranslateProject\build\..\dist\MangaTranslator\pylib_boot\setuptools\config\_validate_pyproject\__init__.py
   Compressing: C:\Users\USER\Desktop\MangaTranslateProject\build\..\dist\MangaTranslator\pylib_boot\setuptools\config\_validate_pyproject\__pycache__\error_reporting.cpython-313.pyc
   Compressing: C:\Users\USER\Desktop\MangaTranslateProject\build\..\dist\MangaTranslator\pylib_boot\setuptools\config\_validate_pyproject\__pycache__\extra_validations.cpython-313.pyc
   Compressing: C:\Users\USER\Desktop\MangaTranslateProject\build\..\dist\MangaTranslator\pylib_boot\setuptools\config\_validate_pyproject\__pycache__\fastjsonschema_exceptions.cpython-313.pyc
   Compressing: C:\Users\USER\Desktop\MangaTranslateProject\build\..\dist\MangaTranslator\pylib_boot\setuptools\config\_validate_pyproject\__pycache__\fastjsonschema_validations.cpython-313.pyc
   Compressing: C:\Users\USER\Desktop\MangaTranslateProject\build\..\dist\MangaTranslator\pylib_boot\setuptools\config\_validate_pyproject\__pycache__\formats.cpython-313.pyc
   Compressing: C:\Users\USER\Desktop\MangaTranslateProject\build\..\dist\MangaTranslator\pylib_boot\setuptools\config\_validate_pyproject\__pycache__\__init__.cpython-313.pyc
   Compressing: C:\Users\USER\Desktop\MangaTranslateProject\build\..\dist\MangaTranslator\pylib_boot\setuptools\config\__pycache__\expand.cpython-313.pyc
   Compressing: C:\Users\USER\Desktop\MangaTranslateProject\build\..\dist\MangaTranslator\pylib_boot\setuptools\config\__pycache__\pyprojecttoml.cpython-313.pyc
   Compressing: C:\Users\USER\Desktop\MangaTranslateProject\build\..\dist\MangaTranslator\pylib_boot\setuptools\config\__pycache__\setupcfg.cpython-313.pyc
   Compressing: C:\Users\USER\Desktop\MangaTranslateProject\build\..\dist\MangaTranslator\pylib_boot\setuptools\config\__pycache__\_apply_pyprojecttoml.cpython-313.pyc
   Compressing: C:\Users\USER\Desktop\MangaTranslateProject\build\..\dist\MangaTranslator\pylib_boot\setuptools\config\__pycache__\__init__.cpython-313.pyc
   Compressing: C:\Users\USER\Desktop\MangaTranslateProject\build\..\dist\MangaTranslator\pylib_boot\setuptools\_distutils\archive_util.py
   Compressing: C:\Users\USER\Desktop\MangaTranslateProject\build\..\dist\MangaTranslator\pylib_boot\setuptools\_distutils\ccompiler.py
   Compressing: C:\Users\USER\Desktop\MangaTranslateProject\build\..\dist\MangaTranslator\pylib_boot\setuptools\_distutils\cmd.py
   Compressing: C:\Users\USER\Desktop\MangaTranslateProject\build\..\dist\MangaTranslator\pylib_boot\setuptools\_distutils\core.py
   Compressing: C:\Users\USER\Desktop\MangaTranslateProject\build\..\dist\MangaTranslator\pylib_boot\setuptools\_distutils\cygwinccompiler.py
   Compressing: C:\Users\USER\Desktop\MangaTranslateProject\build\..\dist\MangaTranslator\pylib_boot\setuptools\_distutils\debug.py
   Compressing: C:\Users\USER\Desktop\MangaTranslateProject\build\..\dist\MangaTranslator\pylib_boot\setuptools\_distutils\dep_util.py
   Compressing: C:\Users\USER\Desktop\MangaTranslateProject\build\..\dist\MangaTranslator\pylib_boot\setuptools\_distutils\dir_util.py
   Compressing: C:\Users\USER\Desktop\MangaTranslateProject\build\..\dist\MangaTranslator\pylib_boot\setuptools\_distutils\dist.py
   Compressing: C:\Users\USER\Desktop\MangaTranslateProject\build\..\dist\MangaTranslator\pylib_boot\setuptools\_distutils\errors.py
   Compressing: C:\Users\USER\Desktop\MangaTranslateProject\build\..\dist\MangaTranslator\pylib_boot\setuptools\_distutils\extension.py
   Compressing: C:\Users\USER\Desktop\MangaTranslateProject\build\..\dist\MangaTranslator\pylib_boot\setuptools\_distutils\fancy_getopt.py
   Compressing: C:\Users\USER\Desktop\MangaTranslateProject\build\..\dist\MangaTranslator\pylib_boot\setuptools\_distutils\filelist.py
   Compressing: C:\Users\USER\Desktop\MangaTranslateProject\build\..\dist\MangaTranslator\pylib_boot\setuptools\_distutils\file_util.py
   Compressing: C:\Users\USER\Desktop\MangaTranslateProject\build\..\dist\MangaTranslator\pylib_boot\setuptools\_distutils\log.py
   Compressing: C:\Users\USER\Desktop\MangaTranslateProject\build\..\dist\MangaTranslator\pylib_boot\setuptools\_distutils\py.typed
   Compressing: C:\Users\USER\Desktop\MangaTranslateProject\build\..\dist\MangaTranslator\pylib_boot\setuptools\_distutils\spawn.py
   Compressing: C:\Users\USER\Desktop\MangaTranslateProject\build\..\dist\MangaTranslator\pylib_boot\setuptools\_distutils\sysconfig.py
   Compressing: C:\Users\USER\Desktop\MangaTranslateProject\build\..\dist\MangaTranslator\pylib_boot\setuptools\_distutils\text_file.py
   Compressing: C:\Users\USER\Desktop\MangaTranslateProject\build\..\dist\MangaTranslator\pylib_boot\setuptools\_distutils\unixccompiler.py
   Compressing: C:\Users\USER\Desktop\MangaTranslateProject\build\..\dist\MangaTranslator\pylib_boot\setuptools\_distutils\util.py
   Compressing: C:\Users\USER\Desktop\MangaTranslateProject\build\..\dist\MangaTranslator\pylib_boot\setuptools\_distutils\version.py
   Compressing: C:\Users\USER\Desktop\MangaTranslateProject\build\..\dist\MangaTranslator\pylib_boot\setuptools\_distutils\versionpredicate.py
   Compressing: C:\Users\USER\Desktop\MangaTranslateProject\build\..\dist\MangaTranslator\pylib_boot\setuptools\_distutils\zosccompiler.py
   Compressing: C:\Users\USER\Desktop\MangaTranslateProject\build\..\dist\MangaTranslator\pylib_boot\setuptools\_distutils\_dataclass.py
   Compressing: C:\Users\USER\Desktop\MangaTranslateProject\build\..\dist\MangaTranslator\pylib_boot\setuptools\_distutils\_log.py
   Compressing: C:\Users\USER\Desktop\MangaTranslateProject\build\..\dist\MangaTranslator\pylib_boot\setuptools\_distutils\_macos_compat.py
   Compressing: C:\Users\USER\Desktop\MangaTranslateProject\build\..\dist\MangaTranslator\pylib_boot\setuptools\_distutils\_modified.py
   Compressing: C:\Users\USER\Desktop\MangaTranslateProject\build\..\dist\MangaTranslator\pylib_boot\setuptools\_distutils\_msvccompiler.py
   Compressing: C:\Users\USER\Desktop\MangaTranslateProject\build\..\dist\MangaTranslator\pylib_boot\setuptools\_distutils\__init__.py
   Compressing: C:\Users\USER\Desktop\MangaTranslateProject\build\..\dist\MangaTranslator\pylib_boot\setuptools\_distutils\command\bdist.py
   Compressing: C:\Users\USER\Desktop\MangaTranslateProject\build\..\dist\MangaTranslator\pylib_boot\setuptools\_distutils\command\bdist_dumb.py
   Compressing: C:\Users\USER\Desktop\MangaTranslateProject\build\..\dist\MangaTranslator\pylib_boot\setuptools\_distutils\command\bdist_rpm.py
   Compressing: C:\Users\USER\Desktop\MangaTranslateProject\build\..\dist\MangaTranslator\pylib_boot\setuptools\_distutils\command\build.py
   Compressing: C:\Users\USER\Desktop\MangaTranslateProject\build\..\dist\MangaTranslator\pylib_boot\setuptools\_distutils\command\build_clib.py
   Compressing: C:\Users\USER\Desktop\MangaTranslateProject\build\..\dist\MangaTranslator\pylib_boot\setuptools\_distutils\command\build_ext.py
   Compressing: C:\Users\USER\Desktop\MangaTranslateProject\build\..\dist\MangaTranslator\pylib_boot\setuptools\_distutils\command\build_py.py
   Compressing: C:\Users\USER\Desktop\MangaTranslateProject\build\..\dist\MangaTranslator\pylib_boot\setuptools\_distutils\command\build_scripts.py
   Compressing: C:\Users\USER\Desktop\MangaTranslateProject\build\..\dist\MangaTranslator\pylib_boot\setuptools\_distutils\command\check.py
   Compressing: C:\Users\USER\Desktop\MangaTranslateProject\build\..\dist\MangaTranslator\pylib_boot\setuptools\_distutils\command\clean.py
   Compressing: C:\Users\USER\Desktop\MangaTranslateProject\build\..\dist\MangaTranslator\pylib_boot\setuptools\_distutils\command\config.py
   Compressing: C:\Users\USER\Desktop\MangaTranslateProject\build\..\dist\MangaTranslator\pylib_boot\setuptools\_distutils\command\install.py
   Compressing: C:\Users\USER\Desktop\MangaTranslateProject\build\..\dist\MangaTranslator\pylib_boot\setuptools\_distutils\command\install_data.py
   Compressing: C:\Users\USER\Desktop\MangaTranslateProject\build\..\dist\MangaTranslator\pylib_boot\setuptools\_distutils\command\install_egg_info.py
   Compressing: C:\Users\USER\Desktop\MangaTranslateProject\build\..\dist\MangaTranslator\pylib_boot\setuptools\_distutils\command\install_headers.py
   Compressing: C:\Users\USER\Desktop\MangaTranslateProject\build\..\dist\MangaTranslator\pylib_boot\setuptools\_distutils\command\install_lib.py
   Compressing: C:\Users\USER\Desktop\MangaTranslateProject\build\..\dist\MangaTranslator\pylib_boot\setuptools\_distutils\command\install_scripts.py
   Compressing: C:\Users\USER\Desktop\MangaTranslateProject\build\..\dist\MangaTranslator\pylib_boot\setuptools\_distutils\command\sdist.py
   Compressing: C:\Users\USER\Desktop\MangaTranslateProject\build\..\dist\MangaTranslator\pylib_boot\setuptools\_distutils\command\_framework_compat.py
   Compressing: C:\Users\USER\Desktop\MangaTranslateProject\build\..\dist\MangaTranslator\pylib_boot\setuptools\_distutils\command\__init__.py
   Compressing: C:\Users\USER\Desktop\MangaTranslateProject\build\..\dist\MangaTranslator\pylib_boot\setuptools\_distutils\command\__pycache__\bdist.cpython-313.pyc
   Compressing: C:\Users\USER\Desktop\MangaTranslateProject\build\..\dist\MangaTranslator\pylib_boot\setuptools\_distutils\command\__pycache__\bdist_dumb.cpython-313.pyc
   Compressing: C:\Users\USER\Desktop\MangaTranslateProject\build\..\dist\MangaTranslator\pylib_boot\setuptools\_distutils\command\__pycache__\bdist_rpm.cpython-313.pyc
   Compressing: C:\Users\USER\Desktop\MangaTranslateProject\build\..\dist\MangaTranslator\pylib_boot\setuptools\_distutils\command\__pycache__\build.cpython-313.pyc
   Compressing: C:\Users\USER\Desktop\MangaTranslateProject\build\..\dist\MangaTranslator\pylib_boot\setuptools\_distutils\command\__pycache__\build_clib.cpython-313.pyc
   Compressing: C:\Users\USER\Desktop\MangaTranslateProject\build\..\dist\MangaTranslator\pylib_boot\setuptools\_distutils\command\__pycache__\build_ext.cpython-313.pyc
   Compressing: C:\Users\USER\Desktop\MangaTranslateProject\build\..\dist\MangaTranslator\pylib_boot\setuptools\_distutils\command\__pycache__\build_py.cpython-313.pyc
   Compressing: C:\Users\USER\Desktop\MangaTranslateProject\build\..\dist\MangaTranslator\pylib_boot\setuptools\_distutils\command\__pycache__\build_scripts.cpython-313.pyc
   Compressing: C:\Users\USER\Desktop\MangaTranslateProject\build\..\dist\MangaTranslator\pylib_boot\setuptools\_distutils\command\__pycache__\check.cpython-313.pyc
   Compressing: C:\Users\USER\Desktop\MangaTranslateProject\build\..\dist\MangaTranslator\pylib_boot\setuptools\_distutils\command\__pycache__\clean.cpython-313.pyc
   Compressing: C:\Users\USER\Desktop\MangaTranslateProject\build\..\dist\MangaTranslator\pylib_boot\setuptools\_distutils\command\__pycache__\config.cpython-313.pyc
   Compressing: C:\Users\USER\Desktop\MangaTranslateProject\build\..\dist\MangaTranslator\pylib_boot\setuptools\_distutils\command\__pycache__\install.cpython-313.pyc
   Compressing: C:\Users\USER\Desktop\MangaTranslateProject\build\..\dist\MangaTranslator\pylib_boot\setuptools\_distutils\command\__pycache__\install_data.cpython-313.pyc
   Compressing: C:\Users\USER\Desktop\MangaTranslateProject\build\..\dist\MangaTranslator\pylib_boot\setuptools\_distutils\command\__pycache__\install_egg_info.cpython-313.pyc
   Compressing: C:\Users\USER\Desktop\MangaTranslateProject\build\..\dist\MangaTranslator\pylib_boot\setuptools\_distutils\command\__pycache__\install_headers.cpython-313.pyc
   Compressing: C:\Users\USER\Desktop\MangaTranslateProject\build\..\dist\MangaTranslator\pylib_boot\setuptools\_distutils\command\__pycache__\install_lib.cpython-313.pyc
   Compressing: C:\Users\USER\Desktop\MangaTranslateProject\build\..\dist\MangaTranslator\pylib_boot\setuptools\_distutils\command\__pycache__\install_scripts.cpython-313.pyc
   Compressing: C:\Users\USER\Desktop\MangaTranslateProject\build\..\dist\MangaTranslator\pylib_boot\setuptools\_distutils\command\__pycache__\sdist.cpython-313.pyc
   Compressing: C:\Users\USER\Desktop\MangaTranslateProject\build\..\dist\MangaTranslator\pylib_boot\setuptools\_distutils\command\__pycache__\_framework_compat.cpython-313.pyc
   Compressing: C:\Users\USER\Desktop\MangaTranslateProject\build\..\dist\MangaTranslator\pylib_boot\setuptools\_distutils\command\__pycache__\__init__.cpython-313.pyc
   Compressing: C:\Users\USER\Desktop\MangaTranslateProject\build\..\dist\MangaTranslator\pylib_boot\setuptools\_distutils\compat\numpy.py
   Compressing: C:\Users\USER\Desktop\MangaTranslateProject\build\..\dist\MangaTranslator\pylib_boot\setuptools\_distutils\compat\py310.py
   Compressing: C:\Users\USER\Desktop\MangaTranslateProject\build\..\dist\MangaTranslator\pylib_boot\setuptools\_distutils\compat\__init__.py
   Compressing: C:\Users\USER\Desktop\MangaTranslateProject\build\..\dist\MangaTranslator\pylib_boot\setuptools\_distutils\compat\__pycache__\numpy.cpython-313.pyc
   Compressing: C:\Users\USER\Desktop\MangaTranslateProject\build\..\dist\MangaTranslator\pylib_boot\setuptools\_distutils\compat\__pycache__\py310.cpython-313.pyc
   Compressing: C:\Users\USER\Desktop\MangaTranslateProject\build\..\dist\MangaTranslator\pylib_boot\setuptools\_distutils\compat\__pycache__\__init__.cpython-313.pyc
   Compressing: C:\Users\USER\Desktop\MangaTranslateProject\build\..\dist\MangaTranslator\pylib_boot\setuptools\_distutils\compilers\errors.py
   Compressing: C:\Users\USER\Desktop\MangaTranslateProject\build\..\dist\MangaTranslator\pylib_boot\setuptools\_distutils\compilers\logging.py
   Compressing: C:\Users\USER\Desktop\MangaTranslateProject\build\..\dist\MangaTranslator\pylib_boot\setuptools\_distutils\compilers\_modified.py
   Compressing: C:\Users\USER\Desktop\MangaTranslateProject\build\..\dist\MangaTranslator\pylib_boot\setuptools\_distutils\compilers\_util.py
   Compressing: C:\Users\USER\Desktop\MangaTranslateProject\build\..\dist\MangaTranslator\pylib_boot\setuptools\_distutils\compilers\C\base.py
   Compressing: C:\Users\USER\Desktop\MangaTranslateProject\build\..\dist\MangaTranslator\pylib_boot\setuptools\_distutils\compilers\C\cygwin.py
   Compressing: C:\Users\USER\Desktop\MangaTranslateProject\build\..\dist\MangaTranslator\pylib_boot\setuptools\_distutils\compilers\C\errors.py
   Compressing: C:\Users\USER\Desktop\MangaTranslateProject\build\..\dist\MangaTranslator\pylib_boot\setuptools\_distutils\compilers\C\msvc.py
   Compressing: C:\Users\USER\Desktop\MangaTranslateProject\build\..\dist\MangaTranslator\pylib_boot\setuptools\_distutils\compilers\C\py.typed
   Compressing: C:\Users\USER\Desktop\MangaTranslateProject\build\..\dist\MangaTranslator\pylib_boot\setuptools\_distutils\compilers\C\unix.py
   Compressing: C:\Users\USER\Desktop\MangaTranslateProject\build\..\dist\MangaTranslator\pylib_boot\setuptools\_distutils\compilers\C\zos.py
   Compressing: C:\Users\USER\Desktop\MangaTranslateProject\build\..\dist\MangaTranslator\pylib_boot\setuptools\_distutils\compilers\C\__pycache__\base.cpython-313.pyc
   Compressing: C:\Users\USER\Desktop\MangaTranslateProject\build\..\dist\MangaTranslator\pylib_boot\setuptools\_distutils\compilers\C\__pycache__\cygwin.cpython-313.pyc
   Compressing: C:\Users\USER\Desktop\MangaTranslateProject\build\..\dist\MangaTranslator\pylib_boot\setuptools\_distutils\compilers\C\__pycache__\errors.cpython-313.pyc
   Compressing: C:\Users\USER\Desktop\MangaTranslateProject\build\..\dist\MangaTranslator\pylib_boot\setuptools\_distutils\compilers\C\__pycache__\msvc.cpython-313.pyc
   Compressing: C:\Users\USER\Desktop\MangaTranslateProject\build\..\dist\MangaTranslator\pylib_boot\setuptools\_distutils\compilers\C\__pycache__\unix.cpython-313.pyc
   Compressing: C:\Users\USER\Desktop\MangaTranslateProject\build\..\dist\MangaTranslator\pylib_boot\setuptools\_distutils\compilers\C\__pycache__\zos.cpython-313.pyc
   Compressing: C:\Users\USER\Desktop\MangaTranslateProject\build\..\dist\MangaTranslator\pylib_boot\setuptools\_distutils\compilers\platform\detect.py
   Compressing: C:\Users\USER\Desktop\MangaTranslateProject\build\..\dist\MangaTranslator\pylib_boot\setuptools\_distutils\compilers\platform\macos.py
   Compressing: C:\Users\USER\Desktop\MangaTranslateProject\build\..\dist\MangaTranslator\pylib_boot\setuptools\_distutils\compilers\platform\__pycache__\detect.cpython-313.pyc
   Compressing: C:\Users\USER\Desktop\MangaTranslateProject\build\..\dist\MangaTranslator\pylib_boot\setuptools\_distutils\compilers\platform\__pycache__\macos.cpython-313.pyc
   Compressing: C:\Users\USER\Desktop\MangaTranslateProject\build\..\dist\MangaTranslator\pylib_boot\setuptools\_distutils\compilers\__pycache__\errors.cpython-313.pyc
   Compressing: C:\Users\USER\Desktop\MangaTranslateProject\build\..\dist\MangaTranslator\pylib_boot\setuptools\_distutils\compilers\__pycache__\logging.cpython-313.pyc
   Compressing: C:\Users\USER\Desktop\MangaTranslateProject\build\..\dist\MangaTranslator\pylib_boot\setuptools\_distutils\compilers\__pycache__\_modified.cpython-313.pyc
   Compressing: C:\Users\USER\Desktop\MangaTranslateProject\build\..\dist\MangaTranslator\pylib_boot\setuptools\_distutils\compilers\__pycache__\_util.cpython-313.pyc
   Compressing: C:\Users\USER\Desktop\MangaTranslateProject\build\..\dist\MangaTranslator\pylib_boot\setuptools\_distutils\__pycache__\archive_util.cpython-313.pyc
   Compressing: C:\Users\USER\Desktop\MangaTranslateProject\build\..\dist\MangaTranslator\pylib_boot\setuptools\_distutils\__pycache__\ccompiler.cpython-313.pyc
   Compressing: C:\Users\USER\Desktop\MangaTranslateProject\build\..\dist\MangaTranslator\pylib_boot\setuptools\_distutils\__pycache__\cmd.cpython-313.pyc
   Compressing: C:\Users\USER\Desktop\MangaTranslateProject\build\..\dist\MangaTranslator\pylib_boot\setuptools\_distutils\__pycache__\core.cpython-313.pyc
   Compressing: C:\Users\USER\Desktop\MangaTranslateProject\build\..\dist\MangaTranslator\pylib_boot\setuptools\_distutils\__pycache__\cygwinccompiler.cpython-313.pyc
   Compressing: C:\Users\USER\Desktop\MangaTranslateProject\build\..\dist\MangaTranslator\pylib_boot\setuptools\_distutils\__pycache__\debug.cpython-313.pyc
   Compressing: C:\Users\USER\Desktop\MangaTranslateProject\build\..\dist\MangaTranslator\pylib_boot\setuptools\_distutils\__pycache__\dep_util.cpython-313.pyc
   Compressing: C:\Users\USER\Desktop\MangaTranslateProject\build\..\dist\MangaTranslator\pylib_boot\setuptools\_distutils\__pycache__\dir_util.cpython-313.pyc
   Compressing: C:\Users\USER\Desktop\MangaTranslateProject\build\..\dist\MangaTranslator\pylib_boot\setuptools\_distutils\__pycache__\dist.cpython-313.pyc
   Compressing: C:\Users\USER\Desktop\MangaTranslateProject\build\..\dist\MangaTranslator\pylib_boot\setuptools\_distutils\__pycache__\errors.cpython-313.pyc
   Compressing: C:\Users\USER\Desktop\MangaTranslateProject\build\..\dist\MangaTranslator\pylib_boot\setuptools\_distutils\__pycache__\extension.cpython-313.pyc
   Compressing: C:\Users\USER\Desktop\MangaTranslateProject\build\..\dist\MangaTranslator\pylib_boot\setuptools\_distutils\__pycache__\fancy_getopt.cpython-313.pyc
   Compressing: C:\Users\USER\Desktop\MangaTranslateProject\build\..\dist\MangaTranslator\pylib_boot\setuptools\_distutils\__pycache__\filelist.cpython-313.pyc
   Compressing: C:\Users\USER\Desktop\MangaTranslateProject\build\..\dist\MangaTranslator\pylib_boot\setuptools\_distutils\__pycache__\file_util.cpython-313.pyc
   Compressing: C:\Users\USER\Desktop\MangaTranslateProject\build\..\dist\MangaTranslator\pylib_boot\setuptools\_distutils\__pycache__\log.cpython-313.pyc
   Compressing: C:\Users\USER\Desktop\MangaTranslateProject\build\..\dist\MangaTranslator\pylib_boot\setuptools\_distutils\__pycache__\spawn.cpython-313.pyc
   Compressing: C:\Users\USER\Desktop\MangaTranslateProject\build\..\dist\MangaTranslator\pylib_boot\setuptools\_distutils\__pycache__\sysconfig.cpython-313.pyc
   Compressing: C:\Users\USER\Desktop\MangaTranslateProject\build\..\dist\MangaTranslator\pylib_boot\setuptools\_distutils\__pycache__\text_file.cpython-313.pyc
   Compressing: C:\Users\USER\Desktop\MangaTranslateProject\build\..\dist\MangaTranslator\pylib_boot\setuptools\_distutils\__pycache__\unixccompiler.cpython-313.pyc
   Compressing: C:\Users\USER\Desktop\MangaTranslateProject\build\..\dist\MangaTranslator\pylib_boot\setuptools\_distutils\__pycache__\util.cpython-313.pyc
   Compressing: C:\Users\USER\Desktop\MangaTranslateProject\build\..\dist\MangaTranslator\pylib_boot\setuptools\_distutils\__pycache__\version.cpython-313.pyc
   Compressing: C:\Users\USER\Desktop\MangaTranslateProject\build\..\dist\MangaTranslator\pylib_boot\setuptools\_distutils\__pycache__\versionpredicate.cpython-313.pyc
   Compressing: C:\Users\USER\Desktop\MangaTranslateProject\build\..\dist\MangaTranslator\pylib_boot\setuptools\_distutils\__pycache__\zosccompiler.cpython-313.pyc
   Compressing: C:\Users\USER\Desktop\MangaTranslateProject\build\..\dist\MangaTranslator\pylib_boot\setuptools\_distutils\__pycache__\_dataclass.cpython-313.pyc
   Compressing: C:\Users\USER\Desktop\MangaTranslateProject\build\..\dist\MangaTranslator\pylib_boot\setuptools\_distutils\__pycache__\_log.cpython-313.pyc
   Compressing: C:\Users\USER\Desktop\MangaTranslateProject\build\..\dist\MangaTranslator\pylib_boot\setuptools\_distutils\__pycache__\_macos_compat.cpython-313.pyc
   Compressing: C:\Users\USER\Desktop\MangaTranslateProject\build\..\dist\MangaTranslator\pylib_boot\setuptools\_distutils\__pycache__\_modified.cpython-313.pyc
   Compressing: C:\Users\USER\Desktop\MangaTranslateProject\build\..\dist\MangaTranslator\pylib_boot\setuptools\_distutils\__pycache__\_msvccompiler.cpython-313.pyc
   Compressing: C:\Users\USER\Desktop\MangaTranslateProject\build\..\dist\MangaTranslator\pylib_boot\setuptools\_distutils\__pycache__\__init__.cpython-313.pyc
   Compressing: C:\Users\USER\Desktop\MangaTranslateProject\build\..\dist\MangaTranslator\pylib_boot\setuptools\_vendor\.lock
   Compressing: C:\Users\USER\Desktop\MangaTranslateProject\build\..\dist\MangaTranslator\pylib_boot\setuptools\_vendor\autocommand\autoasync.py
   Compressing: C:\Users\USER\Desktop\MangaTranslateProject\build\..\dist\MangaTranslator\pylib_boot\setuptools\_vendor\autocommand\autocommand.py
   Compressing: C:\Users\USER\Desktop\MangaTranslateProject\build\..\dist\MangaTranslator\pylib_boot\setuptools\_vendor\autocommand\automain.py
   Compressing: C:\Users\USER\Desktop\MangaTranslateProject\build\..\dist\MangaTranslator\pylib_boot\setuptools\_vendor\autocommand\autoparse.py
   Compressing: C:\Users\USER\Desktop\MangaTranslateProject\build\..\dist\MangaTranslator\pylib_boot\setuptools\_vendor\autocommand\errors.py
   Compressing: C:\Users\USER\Desktop\MangaTranslateProject\build\..\dist\MangaTranslator\pylib_boot\setuptools\_vendor\autocommand\__init__.py
   Compressing: C:\Users\USER\Desktop\MangaTranslateProject\build\..\dist\MangaTranslator\pylib_boot\setuptools\_vendor\autocommand\__pycache__\autoasync.cpython-313.pyc
   Compressing: C:\Users\USER\Desktop\MangaTranslateProject\build\..\dist\MangaTranslator\pylib_boot\setuptools\_vendor\autocommand\__pycache__\autocommand.cpython-313.pyc
   Compressing: C:\Users\USER\Desktop\MangaTranslateProject\build\..\dist\MangaTranslator\pylib_boot\setuptools\_vendor\autocommand\__pycache__\automain.cpython-313.pyc
   Compressing: C:\Users\USER\Desktop\MangaTranslateProject\build\..\dist\MangaTranslator\pylib_boot\setuptools\_vendor\autocommand\__pycache__\autoparse.cpython-313.pyc
   Compressing: C:\Users\USER\Desktop\MangaTranslateProject\build\..\dist\MangaTranslator\pylib_boot\setuptools\_vendor\autocommand\__pycache__\errors.cpython-313.pyc
   Compressing: C:\Users\USER\Desktop\MangaTranslateProject\build\..\dist\MangaTranslator\pylib_boot\setuptools\_vendor\autocommand\__pycache__\__init__.cpython-313.pyc
   Compressing: C:\Users\USER\Desktop\MangaTranslateProject\build\..\dist\MangaTranslator\pylib_boot\setuptools\_vendor\autocommand-2.2.2.dist-info\INSTALLER
   Compressing: C:\Users\USER\Desktop\MangaTranslateProject\build\..\dist\MangaTranslator\pylib_boot\setuptools\_vendor\autocommand-2.2.2.dist-info\LICENSE
   Compressing: C:\Users\USER\Desktop\MangaTranslateProject\build\..\dist\MangaTranslator\pylib_boot\setuptools\_vendor\autocommand-2.2.2.dist-info\METADATA
   Compressing: C:\Users\USER\Desktop\MangaTranslateProject\build\..\dist\MangaTranslator\pylib_boot\setuptools\_vendor\autocommand-2.2.2.dist-info\RECORD
   Compressing: C:\Users\USER\Desktop\MangaTranslateProject\build\..\dist\MangaTranslator\pylib_boot\setuptools\_vendor\autocommand-2.2.2.dist-info\REQUESTED
   Compressing: C:\Users\USER\Desktop\MangaTranslateProject\build\..\dist\MangaTranslator\pylib_boot\setuptools\_vendor\autocommand-2.2.2.dist-info\top_level.txt
   Compressing: C:\Users\USER\Desktop\MangaTranslateProject\build\..\dist\MangaTranslator\pylib_boot\setuptools\_vendor\autocommand-2.2.2.dist-info\WHEEL
   Compressing: C:\Users\USER\Desktop\MangaTranslateProject\build\..\dist\MangaTranslator\pylib_boot\setuptools\_vendor\backports\__init__.py
   Compressing: C:\Users\USER\Desktop\MangaTranslateProject\build\..\dist\MangaTranslator\pylib_boot\setuptools\_vendor\backports\tarfile\__init__.py
   Compressing: C:\Users\USER\Desktop\MangaTranslateProject\build\..\dist\MangaTranslator\pylib_boot\setuptools\_vendor\backports\tarfile\__main__.py
   Compressing: C:\Users\USER\Desktop\MangaTranslateProject\build\..\dist\MangaTranslator\pylib_boot\setuptools\_vendor\backports\tarfile\compat\py38.py
   Compressing: C:\Users\USER\Desktop\MangaTranslateProject\build\..\dist\MangaTranslator\pylib_boot\setuptools\_vendor\backports\tarfile\compat\__init__.py
   Compressing: C:\Users\USER\Desktop\MangaTranslateProject\build\..\dist\MangaTranslator\pylib_boot\setuptools\_vendor\backports\tarfile\compat\__pycache__\py38.cpython-313.pyc
   Compressing: C:\Users\USER\Desktop\MangaTranslateProject\build\..\dist\MangaTranslator\pylib_boot\setuptools\_vendor\backports\tarfile\compat\__pycache__\__init__.cpython-313.pyc
   Compressing: C:\Users\USER\Desktop\MangaTranslateProject\build\..\dist\MangaTranslator\pylib_boot\setuptools\_vendor\backports\tarfile\__pycache__\__init__.cpython-313.pyc
   Compressing: C:\Users\USER\Desktop\MangaTranslateProject\build\..\dist\MangaTranslator\pylib_boot\setuptools\_vendor\backports\tarfile\__pycache__\__main__.cpython-313.pyc
   Compressing: C:\Users\USER\Desktop\MangaTranslateProject\build\..\dist\MangaTranslator\pylib_boot\setuptools\_vendor\backports\__pycache__\__init__.cpython-313.pyc
   Compressing: C:\Users\USER\Desktop\MangaTranslateProject\build\..\dist\MangaTranslator\pylib_boot\setuptools\_vendor\backports.tarfile-1.2.0.dist-info\INSTALLER
   Compressing: C:\Users\USER\Desktop\MangaTranslateProject\build\..\dist\MangaTranslator\pylib_boot\setuptools\_vendor\backports.tarfile-1.2.0.dist-info\LICENSE
   Compressing: C:\Users\USER\Desktop\MangaTranslateProject\build\..\dist\MangaTranslator\pylib_boot\setuptools\_vendor\backports.tarfile-1.2.0.dist-info\METADATA
   Compressing: C:\Users\USER\Desktop\MangaTranslateProject\build\..\dist\MangaTranslator\pylib_boot\setuptools\_vendor\backports.tarfile-1.2.0.dist-info\RECORD
   Compressing: C:\Users\USER\Desktop\MangaTranslateProject\build\..\dist\MangaTranslator\pylib_boot\setuptools\_vendor\backports.tarfile-1.2.0.dist-info\REQUESTED
   Compressing: C:\Users\USER\Desktop\MangaTranslateProject\build\..\dist\MangaTranslator\pylib_boot\setuptools\_vendor\backports.tarfile-1.2.0.dist-info\top_level.txt
   Compressing: C:\Users\USER\Desktop\MangaTranslateProject\build\..\dist\MangaTranslator\pylib_boot\setuptools\_vendor\backports.tarfile-1.2.0.dist-info\WHEEL
   Compressing: C:\Users\USER\Desktop\MangaTranslateProject\build\..\dist\MangaTranslator\pylib_boot\setuptools\_vendor\importlib_metadata\diagnose.py
   Compressing: C:\Users\USER\Desktop\MangaTranslateProject\build\..\dist\MangaTranslator\pylib_boot\setuptools\_vendor\importlib_metadata\py.typed
   Compressing: C:\Users\USER\Desktop\MangaTranslateProject\build\..\dist\MangaTranslator\pylib_boot\setuptools\_vendor\importlib_metadata\_adapters.py
   Compressing: C:\Users\USER\Desktop\MangaTranslateProject\build\..\dist\MangaTranslator\pylib_boot\setuptools\_vendor\importlib_metadata\_collections.py
   Compressing: C:\Users\USER\Desktop\MangaTranslateProject\build\..\dist\MangaTranslator\pylib_boot\setuptools\_vendor\importlib_metadata\_compat.py
   Compressing: C:\Users\USER\Desktop\MangaTranslateProject\build\..\dist\MangaTranslator\pylib_boot\setuptools\_vendor\importlib_metadata\_functools.py
   Compressing: C:\Users\USER\Desktop\MangaTranslateProject\build\..\dist\MangaTranslator\pylib_boot\setuptools\_vendor\importlib_metadata\_itertools.py
   Compressing: C:\Users\USER\Desktop\MangaTranslateProject\build\..\dist\MangaTranslator\pylib_boot\setuptools\_vendor\importlib_metadata\_meta.py
   Compressing: C:\Users\USER\Desktop\MangaTranslateProject\build\..\dist\MangaTranslator\pylib_boot\setuptools\_vendor\importlib_metadata\_text.py
   Compressing: C:\Users\USER\Desktop\MangaTranslateProject\build\..\dist\MangaTranslator\pylib_boot\setuptools\_vendor\importlib_metadata\_typing.py
   Compressing: C:\Users\USER\Desktop\MangaTranslateProject\build\..\dist\MangaTranslator\pylib_boot\setuptools\_vendor\importlib_metadata\__init__.py
   Compressing: C:\Users\USER\Desktop\MangaTranslateProject\build\..\dist\MangaTranslator\pylib_boot\setuptools\_vendor\importlib_metadata\compat\py311.py
   Compressing: C:\Users\USER\Desktop\MangaTranslateProject\build\..\dist\MangaTranslator\pylib_boot\setuptools\_vendor\importlib_metadata\compat\py39.py
   Compressing: C:\Users\USER\Desktop\MangaTranslateProject\build\..\dist\MangaTranslator\pylib_boot\setuptools\_vendor\importlib_metadata\compat\__init__.py
   Compressing: C:\Users\USER\Desktop\MangaTranslateProject\build\..\dist\MangaTranslator\pylib_boot\setuptools\_vendor\importlib_metadata\compat\__pycache__\py311.cpython-313.pyc
   Compressing: C:\Users\USER\Desktop\MangaTranslateProject\build\..\dist\MangaTranslator\pylib_boot\setuptools\_vendor\importlib_metadata\compat\__pycache__\py39.cpython-313.pyc
   Compressing: C:\Users\USER\Desktop\MangaTranslateProject\build\..\dist\MangaTranslator\pylib_boot\setuptools\_vendor\importlib_metadata\compat\__pycache__\__init__.cpython-313.pyc
   Compressing: C:\Users\USER\Desktop\MangaTranslateProject\build\..\dist\MangaTranslator\pylib_boot\setuptools\_vendor\importlib_metadata\__pycache__\diagnose.cpython-313.pyc
   Compressing: C:\Users\USER\Desktop\MangaTranslateProject\build\..\dist\MangaTranslator\pylib_boot\setuptools\_vendor\importlib_metadata\__pycache__\_adapters.cpython-313.pyc
   Compressing: C:\Users\USER\Desktop\MangaTranslateProject\build\..\dist\MangaTranslator\pylib_boot\setuptools\_vendor\importlib_metadata\__pycache__\_collections.cpython-313.pyc
   Compressing: C:\Users\USER\Desktop\MangaTranslateProject\build\..\dist\MangaTranslator\pylib_boot\setuptools\_vendor\importlib_metadata\__pycache__\_compat.cpython-313.pyc
   Compressing: C:\Users\USER\Desktop\MangaTranslateProject\build\..\dist\MangaTranslator\pylib_boot\setuptools\_vendor\importlib_metadata\__pycache__\_functools.cpython-313.pyc
   Compressing: C:\Users\USER\Desktop\MangaTranslateProject\build\..\dist\MangaTranslator\pylib_boot\setuptools\_vendor\importlib_metadata\__pycache__\_itertools.cpython-313.pyc
   Compressing: C:\Users\USER\Desktop\MangaTranslateProject\build\..\dist\MangaTranslator\pylib_boot\setuptools\_vendor\importlib_metadata\__pycache__\_meta.cpython-313.pyc
   Compressing: C:\Users\USER\Desktop\MangaTranslateProject\build\..\dist\MangaTranslator\pylib_boot\setuptools\_vendor\importlib_metadata\__pycache__\_text.cpython-313.pyc
   Compressing: C:\Users\USER\Desktop\MangaTranslateProject\build\..\dist\MangaTranslator\pylib_boot\setuptools\_vendor\importlib_metadata\__pycache__\_typing.cpython-313.pyc
   Compressing: C:\Users\USER\Desktop\MangaTranslateProject\build\..\dist\MangaTranslator\pylib_boot\setuptools\_vendor\importlib_metadata\__pycache__\__init__.cpython-313.pyc
   Compressing: C:\Users\USER\Desktop\MangaTranslateProject\build\..\dist\MangaTranslator\pylib_boot\setuptools\_vendor\importlib_metadata-8.7.1.dist-info\INSTALLER
   Compressing: C:\Users\USER\Desktop\MangaTranslateProject\build\..\dist\MangaTranslator\pylib_boot\setuptools\_vendor\importlib_metadata-8.7.1.dist-info\METADATA
   Compressing: C:\Users\USER\Desktop\MangaTranslateProject\build\..\dist\MangaTranslator\pylib_boot\setuptools\_vendor\importlib_metadata-8.7.1.dist-info\RECORD
   Compressing: C:\Users\USER\Desktop\MangaTranslateProject\build\..\dist\MangaTranslator\pylib_boot\setuptools\_vendor\importlib_metadata-8.7.1.dist-info\REQUESTED
   Compressing: C:\Users\USER\Desktop\MangaTranslateProject\build\..\dist\MangaTranslator\pylib_boot\setuptools\_vendor\importlib_metadata-8.7.1.dist-info\top_level.txt
   Compressing: C:\Users\USER\Desktop\MangaTranslateProject\build\..\dist\MangaTranslator\pylib_boot\setuptools\_vendor\importlib_metadata-8.7.1.dist-info\WHEEL
   Compressing: C:\Users\USER\Desktop\MangaTranslateProject\build\..\dist\MangaTranslator\pylib_boot\setuptools\_vendor\importlib_metadata-8.7.1.dist-info\licenses\LICENSE
   Compressing: C:\Users\USER\Desktop\MangaTranslateProject\build\..\dist\MangaTranslator\pylib_boot\setuptools\_vendor\jaraco\context\py.typed
   Compressing: C:\Users\USER\Desktop\MangaTranslateProject\build\..\dist\MangaTranslator\pylib_boot\setuptools\_vendor\jaraco\context\__init__.py
   Compressing: C:\Users\USER\Desktop\MangaTranslateProject\build\..\dist\MangaTranslator\pylib_boot\setuptools\_vendor\jaraco\context\__pycache__\__init__.cpython-313.pyc
   Compressing: C:\Users\USER\Desktop\MangaTranslateProject\build\..\dist\MangaTranslator\pylib_boot\setuptools\_vendor\jaraco\functools\py.typed
   Compressing: C:\Users\USER\Desktop\MangaTranslateProject\build\..\dist\MangaTranslator\pylib_boot\setuptools\_vendor\jaraco\functools\__init__.py
   Compressing: C:\Users\USER\Desktop\MangaTranslateProject\build\..\dist\MangaTranslator\pylib_boot\setuptools\_vendor\jaraco\functools\__init__.pyi
   Compressing: C:\Users\USER\Desktop\MangaTranslateProject\build\..\dist\MangaTranslator\pylib_boot\setuptools\_vendor\jaraco\functools\__pycache__\__init__.cpython-313.pyc
   Compressing: C:\Users\USER\Desktop\MangaTranslateProject\build\..\dist\MangaTranslator\pylib_boot\setuptools\_vendor\jaraco\text\layouts.py
   Compressing: C:\Users\USER\Desktop\MangaTranslateProject\build\..\dist\MangaTranslator\pylib_boot\setuptools\_vendor\jaraco\text\Lorem ipsum.txt
   Compressing: C:\Users\USER\Desktop\MangaTranslateProject\build\..\dist\MangaTranslator\pylib_boot\setuptools\_vendor\jaraco\text\show-newlines.py
   Compressing: C:\Users\USER\Desktop\MangaTranslateProject\build\..\dist\MangaTranslator\pylib_boot\setuptools\_vendor\jaraco\text\strip-prefix.py
   Compressing: C:\Users\USER\Desktop\MangaTranslateProject\build\..\dist\MangaTranslator\pylib_boot\setuptools\_vendor\jaraco\text\to-dvorak.py
   Compressing: C:\Users\USER\Desktop\MangaTranslateProject\build\..\dist\MangaTranslator\pylib_boot\setuptools\_vendor\jaraco\text\to-qwerty.py
   Compressing: C:\Users\USER\Desktop\MangaTranslateProject\build\..\dist\MangaTranslator\pylib_boot\setuptools\_vendor\jaraco\text\__init__.py
   Compressing: C:\Users\USER\Desktop\MangaTranslateProject\build\..\dist\MangaTranslator\pylib_boot\setuptools\_vendor\jaraco\text\__pycache__\layouts.cpython-313.pyc
   Compressing: C:\Users\USER\Desktop\MangaTranslateProject\build\..\dist\MangaTranslator\pylib_boot\setuptools\_vendor\jaraco\text\__pycache__\show-newlines.cpython-313.pyc
   Compressing: C:\Users\USER\Desktop\MangaTranslateProject\build\..\dist\MangaTranslator\pylib_boot\setuptools\_vendor\jaraco\text\__pycache__\strip-prefix.cpython-313.pyc
   Compressing: C:\Users\USER\Desktop\MangaTranslateProject\build\..\dist\MangaTranslator\pylib_boot\setuptools\_vendor\jaraco\text\__pycache__\to-dvorak.cpython-313.pyc
   Compressing: C:\Users\USER\Desktop\MangaTranslateProject\build\..\dist\MangaTranslator\pylib_boot\setuptools\_vendor\jaraco\text\__pycache__\to-qwerty.cpython-313.pyc
   Compressing: C:\Users\USER\Desktop\MangaTranslateProject\build\..\dist\MangaTranslator\pylib_boot\setuptools\_vendor\jaraco\text\__pycache__\__init__.cpython-313.pyc
   Compressing: C:\Users\USER\Desktop\MangaTranslateProject\build\..\dist\MangaTranslator\pylib_boot\setuptools\_vendor\jaraco.text-4.0.0.dist-info\INSTALLER
   Compressing: C:\Users\USER\Desktop\MangaTranslateProject\build\..\dist\MangaTranslator\pylib_boot\setuptools\_vendor\jaraco.text-4.0.0.dist-info\LICENSE
   Compressing: C:\Users\USER\Desktop\MangaTranslateProject\build\..\dist\MangaTranslator\pylib_boot\setuptools\_vendor\jaraco.text-4.0.0.dist-info\METADATA
   Compressing: C:\Users\USER\Desktop\MangaTranslateProject\build\..\dist\MangaTranslator\pylib_boot\setuptools\_vendor\jaraco.text-4.0.0.dist-info\RECORD
   Compressing: C:\Users\USER\Desktop\MangaTranslateProject\build\..\dist\MangaTranslator\pylib_boot\setuptools\_vendor\jaraco.text-4.0.0.dist-info\REQUESTED
   Compressing: C:\Users\USER\Desktop\MangaTranslateProject\build\..\dist\MangaTranslator\pylib_boot\setuptools\_vendor\jaraco.text-4.0.0.dist-info\top_level.txt
   Compressing: C:\Users\USER\Desktop\MangaTranslateProject\build\..\dist\MangaTranslator\pylib_boot\setuptools\_vendor\jaraco.text-4.0.0.dist-info\WHEEL
   Compressing: C:\Users\USER\Desktop\MangaTranslateProject\build\..\dist\MangaTranslator\pylib_boot\setuptools\_vendor\jaraco_context-6.1.0.dist-info\INSTALLER
   Compressing: C:\Users\USER\Desktop\MangaTranslateProject\build\..\dist\MangaTranslator\pylib_boot\setuptools\_vendor\jaraco_context-6.1.0.dist-info\METADATA
   Compressing: C:\Users\USER\Desktop\MangaTranslateProject\build\..\dist\MangaTranslator\pylib_boot\setuptools\_vendor\jaraco_context-6.1.0.dist-info\RECORD
   Compressing: C:\Users\USER\Desktop\MangaTranslateProject\build\..\dist\MangaTranslator\pylib_boot\setuptools\_vendor\jaraco_context-6.1.0.dist-info\REQUESTED
   Compressing: C:\Users\USER\Desktop\MangaTranslateProject\build\..\dist\MangaTranslator\pylib_boot\setuptools\_vendor\jaraco_context-6.1.0.dist-info\top_level.txt
   Compressing: C:\Users\USER\Desktop\MangaTranslateProject\build\..\dist\MangaTranslator\pylib_boot\setuptools\_vendor\jaraco_context-6.1.0.dist-info\WHEEL
   Compressing: C:\Users\USER\Desktop\MangaTranslateProject\build\..\dist\MangaTranslator\pylib_boot\setuptools\_vendor\jaraco_context-6.1.0.dist-info\licenses\LICENSE
   Compressing: C:\Users\USER\Desktop\MangaTranslateProject\build\..\dist\MangaTranslator\pylib_boot\setuptools\_vendor\jaraco_functools-4.4.0.dist-info\INSTALLER
   Compressing: C:\Users\USER\Desktop\MangaTranslateProject\build\..\dist\MangaTranslator\pylib_boot\setuptools\_vendor\jaraco_functools-4.4.0.dist-info\METADATA
   Compressing: C:\Users\USER\Desktop\MangaTranslateProject\build\..\dist\MangaTranslator\pylib_boot\setuptools\_vendor\jaraco_functools-4.4.0.dist-info\RECORD
   Compressing: C:\Users\USER\Desktop\MangaTranslateProject\build\..\dist\MangaTranslator\pylib_boot\setuptools\_vendor\jaraco_functools-4.4.0.dist-info\REQUESTED
   Compressing: C:\Users\USER\Desktop\MangaTranslateProject\build\..\dist\MangaTranslator\pylib_boot\setuptools\_vendor\jaraco_functools-4.4.0.dist-info\top_level.txt
   Compressing: C:\Users\USER\Desktop\MangaTranslateProject\build\..\dist\MangaTranslator\pylib_boot\setuptools\_vendor\jaraco_functools-4.4.0.dist-info\WHEEL
   Compressing: C:\Users\USER\Desktop\MangaTranslateProject\build\..\dist\MangaTranslator\pylib_boot\setuptools\_vendor\jaraco_functools-4.4.0.dist-info\licenses\LICENSE
   Compressing: C:\Users\USER\Desktop\MangaTranslateProject\build\..\dist\MangaTranslator\pylib_boot\setuptools\_vendor\more_itertools\more.py
   Compressing: C:\Users\USER\Desktop\MangaTranslateProject\build\..\dist\MangaTranslator\pylib_boot\setuptools\_vendor\more_itertools\more.pyi
   Compressing: C:\Users\USER\Desktop\MangaTranslateProject\build\..\dist\MangaTranslator\pylib_boot\setuptools\_vendor\more_itertools\py.typed
   Compressing: C:\Users\USER\Desktop\MangaTranslateProject\build\..\dist\MangaTranslator\pylib_boot\setuptools\_vendor\more_itertools\recipes.py
   Compressing: C:\Users\USER\Desktop\MangaTranslateProject\build\..\dist\MangaTranslator\pylib_boot\setuptools\_vendor\more_itertools\recipes.pyi
   Compressing: C:\Users\USER\Desktop\MangaTranslateProject\build\..\dist\MangaTranslator\pylib_boot\setuptools\_vendor\more_itertools\__init__.py
   Compressing: C:\Users\USER\Desktop\MangaTranslateProject\build\..\dist\MangaTranslator\pylib_boot\setuptools\_vendor\more_itertools\__init__.pyi
   Compressing: C:\Users\USER\Desktop\MangaTranslateProject\build\..\dist\MangaTranslator\pylib_boot\setuptools\_vendor\more_itertools\__pycache__\more.cpython-313.pyc
   Compressing: C:\Users\USER\Desktop\MangaTranslateProject\build\..\dist\MangaTranslator\pylib_boot\setuptools\_vendor\more_itertools\__pycache__\recipes.cpython-313.pyc
   Compressing: C:\Users\USER\Desktop\MangaTranslateProject\build\..\dist\MangaTranslator\pylib_boot\setuptools\_vendor\more_itertools\__pycache__\__init__.cpython-313.pyc
   Compressing: C:\Users\USER\Desktop\MangaTranslateProject\build\..\dist\MangaTranslator\pylib_boot\setuptools\_vendor\more_itertools-10.8.0.dist-info\INSTALLER
   Compressing: C:\Users\USER\Desktop\MangaTranslateProject\build\..\dist\MangaTranslator\pylib_boot\setuptools\_vendor\more_itertools-10.8.0.dist-info\METADATA
   Compressing: C:\Users\USER\Desktop\MangaTranslateProject\build\..\dist\MangaTranslator\pylib_boot\setuptools\_vendor\more_itertools-10.8.0.dist-info\RECORD
   Compressing: C:\Users\USER\Desktop\MangaTranslateProject\build\..\dist\MangaTranslator\pylib_boot\setuptools\_vendor\more_itertools-10.8.0.dist-info\REQUESTED
   Compressing: C:\Users\USER\Desktop\MangaTranslateProject\build\..\dist\MangaTranslator\pylib_boot\setuptools\_vendor\more_itertools-10.8.0.dist-info\WHEEL
   Compressing: C:\Users\USER\Desktop\MangaTranslateProject\build\..\dist\MangaTranslator\pylib_boot\setuptools\_vendor\more_itertools-10.8.0.dist-info\licenses\LICENSE
   Compressing: C:\Users\USER\Desktop\MangaTranslateProject\build\..\dist\MangaTranslator\pylib_boot\setuptools\_vendor\packaging\markers.py
   Compressing: C:\Users\USER\Desktop\MangaTranslateProject\build\..\dist\MangaTranslator\pylib_boot\setuptools\_vendor\packaging\metadata.py
   Compressing: C:\Users\USER\Desktop\MangaTranslateProject\build\..\dist\MangaTranslator\pylib_boot\setuptools\_vendor\packaging\py.typed
   Compressing: C:\Users\USER\Desktop\MangaTranslateProject\build\..\dist\MangaTranslator\pylib_boot\setuptools\_vendor\packaging\pylock.py
   Compressing: C:\Users\USER\Desktop\MangaTranslateProject\build\..\dist\MangaTranslator\pylib_boot\setuptools\_vendor\packaging\requirements.py
   Compressing: C:\Users\USER\Desktop\MangaTranslateProject\build\..\dist\MangaTranslator\pylib_boot\setuptools\_vendor\packaging\specifiers.py
   Compressing: C:\Users\USER\Desktop\MangaTranslateProject\build\..\dist\MangaTranslator\pylib_boot\setuptools\_vendor\packaging\tags.py
   Compressing: C:\Users\USER\Desktop\MangaTranslateProject\build\..\dist\MangaTranslator\pylib_boot\setuptools\_vendor\packaging\utils.py
   Compressing: C:\Users\USER\Desktop\MangaTranslateProject\build\..\dist\MangaTranslator\pylib_boot\setuptools\_vendor\packaging\version.py
   Compressing: C:\Users\USER\Desktop\MangaTranslateProject\build\..\dist\MangaTranslator\pylib_boot\setuptools\_vendor\packaging\_elffile.py
   Compressing: C:\Users\USER\Desktop\MangaTranslateProject\build\..\dist\MangaTranslator\pylib_boot\setuptools\_vendor\packaging\_manylinux.py
   Compressing: C:\Users\USER\Desktop\MangaTranslateProject\build\..\dist\MangaTranslator\pylib_boot\setuptools\_vendor\packaging\_musllinux.py
   Compressing: C:\Users\USER\Desktop\MangaTranslateProject\build\..\dist\MangaTranslator\pylib_boot\setuptools\_vendor\packaging\_parser.py
   Compressing: C:\Users\USER\Desktop\MangaTranslateProject\build\..\dist\MangaTranslator\pylib_boot\setuptools\_vendor\packaging\_structures.py
   Compressing: C:\Users\USER\Desktop\MangaTranslateProject\build\..\dist\MangaTranslator\pylib_boot\setuptools\_vendor\packaging\_tokenizer.py
   Compressing: C:\Users\USER\Desktop\MangaTranslateProject\build\..\dist\MangaTranslator\pylib_boot\setuptools\_vendor\packaging\__init__.py
   Compressing: C:\Users\USER\Desktop\MangaTranslateProject\build\..\dist\MangaTranslator\pylib_boot\setuptools\_vendor\packaging\licenses\_spdx.py
   Compressing: C:\Users\USER\Desktop\MangaTranslateProject\build\..\dist\MangaTranslator\pylib_boot\setuptools\_vendor\packaging\licenses\__init__.py
   Compressing: C:\Users\USER\Desktop\MangaTranslateProject\build\..\dist\MangaTranslator\pylib_boot\setuptools\_vendor\packaging\licenses\__pycache__\_spdx.cpython-313.pyc
   Compressing: C:\Users\USER\Desktop\MangaTranslateProject\build\..\dist\MangaTranslator\pylib_boot\setuptools\_vendor\packaging\licenses\__pycache__\__init__.cpython-313.pyc
   Compressing: C:\Users\USER\Desktop\MangaTranslateProject\build\..\dist\MangaTranslator\pylib_boot\setuptools\_vendor\packaging\__pycache__\markers.cpython-313.pyc
   Compressing: C:\Users\USER\Desktop\MangaTranslateProject\build\..\dist\MangaTranslator\pylib_boot\setuptools\_vendor\packaging\__pycache__\metadata.cpython-313.pyc
   Compressing: C:\Users\USER\Desktop\MangaTranslateProject\build\..\dist\MangaTranslator\pylib_boot\setuptools\_vendor\packaging\__pycache__\pylock.cpython-313.pyc
   Compressing: C:\Users\USER\Desktop\MangaTranslateProject\build\..\dist\MangaTranslator\pylib_boot\setuptools\_vendor\packaging\__pycache__\requirements.cpython-313.pyc
   Compressing: C:\Users\USER\Desktop\MangaTranslateProject\build\..\dist\MangaTranslator\pylib_boot\setuptools\_vendor\packaging\__pycache__\specifiers.cpython-313.pyc
   Compressing: C:\Users\USER\Desktop\MangaTranslateProject\build\..\dist\MangaTranslator\pylib_boot\setuptools\_vendor\packaging\__pycache__\tags.cpython-313.pyc
   Compressing: C:\Users\USER\Desktop\MangaTranslateProject\build\..\dist\MangaTranslator\pylib_boot\setuptools\_vendor\packaging\__pycache__\utils.cpython-313.pyc
   Compressing: C:\Users\USER\Desktop\MangaTranslateProject\build\..\dist\MangaTranslator\pylib_boot\setuptools\_vendor\packaging\__pycache__\version.cpython-313.pyc
   Compressing: C:\Users\USER\Desktop\MangaTranslateProject\build\..\dist\MangaTranslator\pylib_boot\setuptools\_vendor\packaging\__pycache__\_elffile.cpython-313.pyc
   Compressing: C:\Users\USER\Desktop\MangaTranslateProject\build\..\dist\MangaTranslator\pylib_boot\setuptools\_vendor\packaging\__pycache__\_manylinux.cpython-313.pyc
   Compressing: C:\Users\USER\Desktop\MangaTranslateProject\build\..\dist\MangaTranslator\pylib_boot\setuptools\_vendor\packaging\__pycache__\_musllinux.cpython-313.pyc
   Compressing: C:\Users\USER\Desktop\MangaTranslateProject\build\..\dist\MangaTranslator\pylib_boot\setuptools\_vendor\packaging\__pycache__\_parser.cpython-313.pyc
   Compressing: C:\Users\USER\Desktop\MangaTranslateProject\build\..\dist\MangaTranslator\pylib_boot\setuptools\_vendor\packaging\__pycache__\_structures.cpython-313.pyc
   Compressing: C:\Users\USER\Desktop\MangaTranslateProject\build\..\dist\MangaTranslator\pylib_boot\setuptools\_vendor\packaging\__pycache__\_tokenizer.cpython-313.pyc
   Compressing: C:\Users\USER\Desktop\MangaTranslateProject\build\..\dist\MangaTranslator\pylib_boot\setuptools\_vendor\packaging\__pycache__\__init__.cpython-313.pyc
   Compressing: C:\Users\USER\Desktop\MangaTranslateProject\build\..\dist\MangaTranslator\pylib_boot\setuptools\_vendor\packaging-26.0.dist-info\INSTALLER
   Compressing: C:\Users\USER\Desktop\MangaTranslateProject\build\..\dist\MangaTranslator\pylib_boot\setuptools\_vendor\packaging-26.0.dist-info\METADATA
   Compressing: C:\Users\USER\Desktop\MangaTranslateProject\build\..\dist\MangaTranslator\pylib_boot\setuptools\_vendor\packaging-26.0.dist-info\RECORD
   Compressing: C:\Users\USER\Desktop\MangaTranslateProject\build\..\dist\MangaTranslator\pylib_boot\setuptools\_vendor\packaging-26.0.dist-info\REQUESTED
   Compressing: C:\Users\USER\Desktop\MangaTranslateProject\build\..\dist\MangaTranslator\pylib_boot\setuptools\_vendor\packaging-26.0.dist-info\WHEEL
   Compressing: C:\Users\USER\Desktop\MangaTranslateProject\build\..\dist\MangaTranslator\pylib_boot\setuptools\_vendor\packaging-26.0.dist-info\licenses\LICENSE
   Compressing: C:\Users\USER\Desktop\MangaTranslateProject\build\..\dist\MangaTranslator\pylib_boot\setuptools\_vendor\packaging-26.0.dist-info\licenses\LICENSE.APACHE
   Compressing: C:\Users\USER\Desktop\MangaTranslateProject\build\..\dist\MangaTranslator\pylib_boot\setuptools\_vendor\packaging-26.0.dist-info\licenses\LICENSE.BSD
   Compressing: C:\Users\USER\Desktop\MangaTranslateProject\build\..\dist\MangaTranslator\pylib_boot\setuptools\_vendor\platformdirs\android.py
   Compressing: C:\Users\USER\Desktop\MangaTranslateProject\build\..\dist\MangaTranslator\pylib_boot\setuptools\_vendor\platformdirs\api.py
   Compressing: C:\Users\USER\Desktop\MangaTranslateProject\build\..\dist\MangaTranslator\pylib_boot\setuptools\_vendor\platformdirs\macos.py
   Compressing: C:\Users\USER\Desktop\MangaTranslateProject\build\..\dist\MangaTranslator\pylib_boot\setuptools\_vendor\platformdirs\py.typed
   Compressing: C:\Users\USER\Desktop\MangaTranslateProject\build\..\dist\MangaTranslator\pylib_boot\setuptools\_vendor\platformdirs\unix.py
   Compressing: C:\Users\USER\Desktop\MangaTranslateProject\build\..\dist\MangaTranslator\pylib_boot\setuptools\_vendor\platformdirs\version.py
   Compressing: C:\Users\USER\Desktop\MangaTranslateProject\build\..\dist\MangaTranslator\pylib_boot\setuptools\_vendor\platformdirs\windows.py
   Compressing: C:\Users\USER\Desktop\MangaTranslateProject\build\..\dist\MangaTranslator\pylib_boot\setuptools\_vendor\platformdirs\__init__.py
   Compressing: C:\Users\USER\Desktop\MangaTranslateProject\build\..\dist\MangaTranslator\pylib_boot\setuptools\_vendor\platformdirs\__main__.py
   Compressing: C:\Users\USER\Desktop\MangaTranslateProject\build\..\dist\MangaTranslator\pylib_boot\setuptools\_vendor\platformdirs\__pycache__\android.cpython-313.pyc
   Compressing: C:\Users\USER\Desktop\MangaTranslateProject\build\..\dist\MangaTranslator\pylib_boot\setuptools\_vendor\platformdirs\__pycache__\api.cpython-313.pyc
   Compressing: C:\Users\USER\Desktop\MangaTranslateProject\build\..\dist\MangaTranslator\pylib_boot\setuptools\_vendor\platformdirs\__pycache__\macos.cpython-313.pyc
   Compressing: C:\Users\USER\Desktop\MangaTranslateProject\build\..\dist\MangaTranslator\pylib_boot\setuptools\_vendor\platformdirs\__pycache__\unix.cpython-313.pyc
   Compressing: C:\Users\USER\Desktop\MangaTranslateProject\build\..\dist\MangaTranslator\pylib_boot\setuptools\_vendor\platformdirs\__pycache__\version.cpython-313.pyc
   Compressing: C:\Users\USER\Desktop\MangaTranslateProject\build\..\dist\MangaTranslator\pylib_boot\setuptools\_vendor\platformdirs\__pycache__\windows.cpython-313.pyc
   Compressing: C:\Users\USER\Desktop\MangaTranslateProject\build\..\dist\MangaTranslator\pylib_boot\setuptools\_vendor\platformdirs\__pycache__\__init__.cpython-313.pyc
   Compressing: C:\Users\USER\Desktop\MangaTranslateProject\build\..\dist\MangaTranslator\pylib_boot\setuptools\_vendor\platformdirs\__pycache__\__main__.cpython-313.pyc
   Compressing: C:\Users\USER\Desktop\MangaTranslateProject\build\..\dist\MangaTranslator\pylib_boot\setuptools\_vendor\platformdirs-4.4.0.dist-info\INSTALLER
   Compressing: C:\Users\USER\Desktop\MangaTranslateProject\build\..\dist\MangaTranslator\pylib_boot\setuptools\_vendor\platformdirs-4.4.0.dist-info\METADATA
   Compressing: C:\Users\USER\Desktop\MangaTranslateProject\build\..\dist\MangaTranslator\pylib_boot\setuptools\_vendor\platformdirs-4.4.0.dist-info\RECORD
   Compressing: C:\Users\USER\Desktop\MangaTranslateProject\build\..\dist\MangaTranslator\pylib_boot\setuptools\_vendor\platformdirs-4.4.0.dist-info\REQUESTED
   Compressing: C:\Users\USER\Desktop\MangaTranslateProject\build\..\dist\MangaTranslator\pylib_boot\setuptools\_vendor\platformdirs-4.4.0.dist-info\WHEEL
   Compressing: C:\Users\USER\Desktop\MangaTranslateProject\build\..\dist\MangaTranslator\pylib_boot\setuptools\_vendor\platformdirs-4.4.0.dist-info\licenses\LICENSE
   Compressing: C:\Users\USER\Desktop\MangaTranslateProject\build\..\dist\MangaTranslator\pylib_boot\setuptools\_vendor\tomli\py.typed
   Compressing: C:\Users\USER\Desktop\MangaTranslateProject\build\..\dist\MangaTranslator\pylib_boot\setuptools\_vendor\tomli\_parser.py
   Compressing: C:\Users\USER\Desktop\MangaTranslateProject\build\..\dist\MangaTranslator\pylib_boot\setuptools\_vendor\tomli\_re.py
   Compressing: C:\Users\USER\Desktop\MangaTranslateProject\build\..\dist\MangaTranslator\pylib_boot\setuptools\_vendor\tomli\_types.py
   Compressing: C:\Users\USER\Desktop\MangaTranslateProject\build\..\dist\MangaTranslator\pylib_boot\setuptools\_vendor\tomli\__init__.py
   Compressing: C:\Users\USER\Desktop\MangaTranslateProject\build\..\dist\MangaTranslator\pylib_boot\setuptools\_vendor\tomli\__pycache__\_parser.cpython-313.pyc
   Compressing: C:\Users\USER\Desktop\MangaTranslateProject\build\..\dist\MangaTranslator\pylib_boot\setuptools\_vendor\tomli\__pycache__\_re.cpython-313.pyc
   Compressing: C:\Users\USER\Desktop\MangaTranslateProject\build\..\dist\MangaTranslator\pylib_boot\setuptools\_vendor\tomli\__pycache__\_types.cpython-313.pyc
   Compressing: C:\Users\USER\Desktop\MangaTranslateProject\build\..\dist\MangaTranslator\pylib_boot\setuptools\_vendor\tomli\__pycache__\__init__.cpython-313.pyc
   Compressing: C:\Users\USER\Desktop\MangaTranslateProject\build\..\dist\MangaTranslator\pylib_boot\setuptools\_vendor\tomli-2.4.0.dist-info\INSTALLER
   Compressing: C:\Users\USER\Desktop\MangaTranslateProject\build\..\dist\MangaTranslator\pylib_boot\setuptools\_vendor\tomli-2.4.0.dist-info\METADATA
   Compressing: C:\Users\USER\Desktop\MangaTranslateProject\build\..\dist\MangaTranslator\pylib_boot\setuptools\_vendor\tomli-2.4.0.dist-info\RECORD
   Compressing: C:\Users\USER\Desktop\MangaTranslateProject\build\..\dist\MangaTranslator\pylib_boot\setuptools\_vendor\tomli-2.4.0.dist-info\REQUESTED
   Compressing: C:\Users\USER\Desktop\MangaTranslateProject\build\..\dist\MangaTranslator\pylib_boot\setuptools\_vendor\tomli-2.4.0.dist-info\WHEEL
   Compressing: C:\Users\USER\Desktop\MangaTranslateProject\build\..\dist\MangaTranslator\pylib_boot\setuptools\_vendor\tomli-2.4.0.dist-info\licenses\LICENSE
   Compressing: C:\Users\USER\Desktop\MangaTranslateProject\build\..\dist\MangaTranslator\pylib_boot\setuptools\_vendor\wheel\bdist_wheel.py
   Compressing: C:\Users\USER\Desktop\MangaTranslateProject\build\..\dist\MangaTranslator\pylib_boot\setuptools\_vendor\wheel\macosx_libfile.py
   Compressing: C:\Users\USER\Desktop\MangaTranslateProject\build\..\dist\MangaTranslator\pylib_boot\setuptools\_vendor\wheel\metadata.py
   Compressing: C:\Users\USER\Desktop\MangaTranslateProject\build\..\dist\MangaTranslator\pylib_boot\setuptools\_vendor\wheel\wheelfile.py
   Compressing: C:\Users\USER\Desktop\MangaTranslateProject\build\..\dist\MangaTranslator\pylib_boot\setuptools\_vendor\wheel\_bdist_wheel.py
   Compressing: C:\Users\USER\Desktop\MangaTranslateProject\build\..\dist\MangaTranslator\pylib_boot\setuptools\_vendor\wheel\_metadata.py
   Compressing: C:\Users\USER\Desktop\MangaTranslateProject\build\..\dist\MangaTranslator\pylib_boot\setuptools\_vendor\wheel\_setuptools_logging.py
   Compressing: C:\Users\USER\Desktop\MangaTranslateProject\build\..\dist\MangaTranslator\pylib_boot\setuptools\_vendor\wheel\__init__.py
   Compressing: C:\Users\USER\Desktop\MangaTranslateProject\build\..\dist\MangaTranslator\pylib_boot\setuptools\_vendor\wheel\__main__.py
   Compressing: C:\Users\USER\Desktop\MangaTranslateProject\build\..\dist\MangaTranslator\pylib_boot\setuptools\_vendor\wheel\_commands\convert.py
   Compressing: C:\Users\USER\Desktop\MangaTranslateProject\build\..\dist\MangaTranslator\pylib_boot\setuptools\_vendor\wheel\_commands\pack.py
   Compressing: C:\Users\USER\Desktop\MangaTranslateProject\build\..\dist\MangaTranslator\pylib_boot\setuptools\_vendor\wheel\_commands\tags.py
   Compressing: C:\Users\USER\Desktop\MangaTranslateProject\build\..\dist\MangaTranslator\pylib_boot\setuptools\_vendor\wheel\_commands\unpack.py
   Compressing: C:\Users\USER\Desktop\MangaTranslateProject\build\..\dist\MangaTranslator\pylib_boot\setuptools\_vendor\wheel\_commands\__init__.py
   Compressing: C:\Users\USER\Desktop\MangaTranslateProject\build\..\dist\MangaTranslator\pylib_boot\setuptools\_vendor\wheel\_commands\__pycache__\convert.cpython-313.pyc
   Compressing: C:\Users\USER\Desktop\MangaTranslateProject\build\..\dist\MangaTranslator\pylib_boot\setuptools\_vendor\wheel\_commands\__pycache__\pack.cpython-313.pyc
   Compressing: C:\Users\USER\Desktop\MangaTranslateProject\build\..\dist\MangaTranslator\pylib_boot\setuptools\_vendor\wheel\_commands\__pycache__\tags.cpython-313.pyc
   Compressing: C:\Users\USER\Desktop\MangaTranslateProject\build\..\dist\MangaTranslator\pylib_boot\setuptools\_vendor\wheel\_commands\__pycache__\unpack.cpython-313.pyc
   Compressing: C:\Users\USER\Desktop\MangaTranslateProject\build\..\dist\MangaTranslator\pylib_boot\setuptools\_vendor\wheel\_commands\__pycache__\__init__.cpython-313.pyc
   Compressing: C:\Users\USER\Desktop\MangaTranslateProject\build\..\dist\MangaTranslator\pylib_boot\setuptools\_vendor\wheel\__pycache__\bdist_wheel.cpython-313.pyc
   Compressing: C:\Users\USER\Desktop\MangaTranslateProject\build\..\dist\MangaTranslator\pylib_boot\setuptools\_vendor\wheel\__pycache__\macosx_libfile.cpython-313.pyc
   Compressing: C:\Users\USER\Desktop\MangaTranslateProject\build\..\dist\MangaTranslator\pylib_boot\setuptools\_vendor\wheel\__pycache__\metadata.cpython-313.pyc
   Compressing: C:\Users\USER\Desktop\MangaTranslateProject\build\..\dist\MangaTranslator\pylib_boot\setuptools\_vendor\wheel\__pycache__\wheelfile.cpython-313.pyc
   Compressing: C:\Users\USER\Desktop\MangaTranslateProject\build\..\dist\MangaTranslator\pylib_boot\setuptools\_vendor\wheel\__pycache__\_bdist_wheel.cpython-313.pyc
   Compressing: C:\Users\USER\Desktop\MangaTranslateProject\build\..\dist\MangaTranslator\pylib_boot\setuptools\_vendor\wheel\__pycache__\_metadata.cpython-313.pyc
   Compressing: C:\Users\USER\Desktop\MangaTranslateProject\build\..\dist\MangaTranslator\pylib_boot\setuptools\_vendor\wheel\__pycache__\_setuptools_logging.cpython-313.pyc
   Compressing: C:\Users\USER\Desktop\MangaTranslateProject\build\..\dist\MangaTranslator\pylib_boot\setuptools\_vendor\wheel\__pycache__\__init__.cpython-313.pyc
   Compressing: C:\Users\USER\Desktop\MangaTranslateProject\build\..\dist\MangaTranslator\pylib_boot\setuptools\_vendor\wheel\__pycache__\__main__.cpython-313.pyc
   Compressing: C:\Users\USER\Desktop\MangaTranslateProject\build\..\dist\MangaTranslator\pylib_boot\setuptools\_vendor\wheel-0.46.3.dist-info\entry_points.txt
   Compressing: C:\Users\USER\Desktop\MangaTranslateProject\build\..\dist\MangaTranslator\pylib_boot\setuptools\_vendor\wheel-0.46.3.dist-info\INSTALLER
   Compressing: C:\Users\USER\Desktop\MangaTranslateProject\build\..\dist\MangaTranslator\pylib_boot\setuptools\_vendor\wheel-0.46.3.dist-info\METADATA
   Compressing: C:\Users\USER\Desktop\MangaTranslateProject\build\..\dist\MangaTranslator\pylib_boot\setuptools\_vendor\wheel-0.46.3.dist-info\RECORD
   Compressing: C:\Users\USER\Desktop\MangaTranslateProject\build\..\dist\MangaTranslator\pylib_boot\setuptools\_vendor\wheel-0.46.3.dist-info\REQUESTED
   Compressing: C:\Users\USER\Desktop\MangaTranslateProject\build\..\dist\MangaTranslator\pylib_boot\setuptools\_vendor\wheel-0.46.3.dist-info\WHEEL
   Compressing: C:\Users\USER\Desktop\MangaTranslateProject\build\..\dist\MangaTranslator\pylib_boot\setuptools\_vendor\wheel-0.46.3.dist-info\licenses\LICENSE.txt
   Compressing: C:\Users\USER\Desktop\MangaTranslateProject\build\..\dist\MangaTranslator\pylib_boot\setuptools\_vendor\zipp\glob.py
   Compressing: C:\Users\USER\Desktop\MangaTranslateProject\build\..\dist\MangaTranslator\pylib_boot\setuptools\_vendor\zipp\_functools.py
   Compressing: C:\Users\USER\Desktop\MangaTranslateProject\build\..\dist\MangaTranslator\pylib_boot\setuptools\_vendor\zipp\__init__.py
   Compressing: C:\Users\USER\Desktop\MangaTranslateProject\build\..\dist\MangaTranslator\pylib_boot\setuptools\_vendor\zipp\compat\overlay.py
   Compressing: C:\Users\USER\Desktop\MangaTranslateProject\build\..\dist\MangaTranslator\pylib_boot\setuptools\_vendor\zipp\compat\py310.py
   Compressing: C:\Users\USER\Desktop\MangaTranslateProject\build\..\dist\MangaTranslator\pylib_boot\setuptools\_vendor\zipp\compat\py313.py
   Compressing: C:\Users\USER\Desktop\MangaTranslateProject\build\..\dist\MangaTranslator\pylib_boot\setuptools\_vendor\zipp\compat\__init__.py
   Compressing: C:\Users\USER\Desktop\MangaTranslateProject\build\..\dist\MangaTranslator\pylib_boot\setuptools\_vendor\zipp\compat\__pycache__\overlay.cpython-313.pyc
   Compressing: C:\Users\USER\Desktop\MangaTranslateProject\build\..\dist\MangaTranslator\pylib_boot\setuptools\_vendor\zipp\compat\__pycache__\py310.cpython-313.pyc
   Compressing: C:\Users\USER\Desktop\MangaTranslateProject\build\..\dist\MangaTranslator\pylib_boot\setuptools\_vendor\zipp\compat\__pycache__\py313.cpython-313.pyc
   Compressing: C:\Users\USER\Desktop\MangaTranslateProject\build\..\dist\MangaTranslator\pylib_boot\setuptools\_vendor\zipp\compat\__pycache__\__init__.cpython-313.pyc
   Compressing: C:\Users\USER\Desktop\MangaTranslateProject\build\..\dist\MangaTranslator\pylib_boot\setuptools\_vendor\zipp\__pycache__\glob.cpython-313.pyc
   Compressing: C:\Users\USER\Desktop\MangaTranslateProject\build\..\dist\MangaTranslator\pylib_boot\setuptools\_vendor\zipp\__pycache__\_functools.cpython-313.pyc
   Compressing: C:\Users\USER\Desktop\MangaTranslateProject\build\..\dist\MangaTranslator\pylib_boot\setuptools\_vendor\zipp\__pycache__\__init__.cpython-313.pyc
   Compressing: C:\Users\USER\Desktop\MangaTranslateProject\build\..\dist\MangaTranslator\pylib_boot\setuptools\_vendor\zipp-3.23.0.dist-info\INSTALLER
   Compressing: C:\Users\USER\Desktop\MangaTranslateProject\build\..\dist\MangaTranslator\pylib_boot\setuptools\_vendor\zipp-3.23.0.dist-info\METADATA
   Compressing: C:\Users\USER\Desktop\MangaTranslateProject\build\..\dist\MangaTranslator\pylib_boot\setuptools\_vendor\zipp-3.23.0.dist-info\RECORD
   Compressing: C:\Users\USER\Desktop\MangaTranslateProject\build\..\dist\MangaTranslator\pylib_boot\setuptools\_vendor\zipp-3.23.0.dist-info\REQUESTED
   Compressing: C:\Users\USER\Desktop\MangaTranslateProject\build\..\dist\MangaTranslator\pylib_boot\setuptools\_vendor\zipp-3.23.0.dist-info\top_level.txt
   Compressing: C:\Users\USER\Desktop\MangaTranslateProject\build\..\dist\MangaTranslator\pylib_boot\setuptools\_vendor\zipp-3.23.0.dist-info\WHEEL
   Compressing: C:\Users\USER\Desktop\MangaTranslateProject\build\..\dist\MangaTranslator\pylib_boot\setuptools\_vendor\zipp-3.23.0.dist-info\licenses\LICENSE
   Compressing: C:\Users\USER\Desktop\MangaTranslateProject\build\..\dist\MangaTranslator\pylib_boot\setuptools\__pycache__\archive_util.cpython-313.pyc
   Compressing: C:\Users\USER\Desktop\MangaTranslateProject\build\..\dist\MangaTranslator\pylib_boot\setuptools\__pycache__\build_meta.cpython-313.pyc
   Compressing: C:\Users\USER\Desktop\MangaTranslateProject\build\..\dist\MangaTranslator\pylib_boot\setuptools\__pycache__\depends.cpython-313.pyc
   Compressing: C:\Users\USER\Desktop\MangaTranslateProject\build\..\dist\MangaTranslator\pylib_boot\setuptools\__pycache__\discovery.cpython-313.pyc
   Compressing: C:\Users\USER\Desktop\MangaTranslateProject\build\..\dist\MangaTranslator\pylib_boot\setuptools\__pycache__\dist.cpython-313.pyc
   Compressing: C:\Users\USER\Desktop\MangaTranslateProject\build\..\dist\MangaTranslator\pylib_boot\setuptools\__pycache__\errors.cpython-313.pyc
   Compressing: C:\Users\USER\Desktop\MangaTranslateProject\build\..\dist\MangaTranslator\pylib_boot\setuptools\__pycache__\extension.cpython-313.pyc
   Compressing: C:\Users\USER\Desktop\MangaTranslateProject\build\..\dist\MangaTranslator\pylib_boot\setuptools\__pycache__\glob.cpython-313.pyc
   Compressing: C:\Users\USER\Desktop\MangaTranslateProject\build\..\dist\MangaTranslator\pylib_boot\setuptools\__pycache__\installer.cpython-313.pyc
   Compressing: C:\Users\USER\Desktop\MangaTranslateProject\build\..\dist\MangaTranslator\pylib_boot\setuptools\__pycache__\launch.cpython-313.pyc
   Compressing: C:\Users\USER\Desktop\MangaTranslateProject\build\..\dist\MangaTranslator\pylib_boot\setuptools\__pycache__\logging.cpython-313.pyc
   Compressing: C:\Users\USER\Desktop\MangaTranslateProject\build\..\dist\MangaTranslator\pylib_boot\setuptools\__pycache__\modified.cpython-313.pyc
   Compressing: C:\Users\USER\Desktop\MangaTranslateProject\build\..\dist\MangaTranslator\pylib_boot\setuptools\__pycache__\monkey.cpython-313.pyc
   Compressing: C:\Users\USER\Desktop\MangaTranslateProject\build\..\dist\MangaTranslator\pylib_boot\setuptools\__pycache__\msvc.cpython-313.pyc
   Compressing: C:\Users\USER\Desktop\MangaTranslateProject\build\..\dist\MangaTranslator\pylib_boot\setuptools\__pycache__\namespaces.cpython-313.pyc
   Compressing: C:\Users\USER\Desktop\MangaTranslateProject\build\..\dist\MangaTranslator\pylib_boot\setuptools\__pycache__\unicode_utils.cpython-313.pyc
   Compressing: C:\Users\USER\Desktop\MangaTranslateProject\build\..\dist\MangaTranslator\pylib_boot\setuptools\__pycache__\version.cpython-313.pyc
   Compressing: C:\Users\USER\Desktop\MangaTranslateProject\build\..\dist\MangaTranslator\pylib_boot\setuptools\__pycache__\warnings.cpython-313.pyc
   Compressing: C:\Users\USER\Desktop\MangaTranslateProject\build\..\dist\MangaTranslator\pylib_boot\setuptools\__pycache__\wheel.cpython-313.pyc
   Compressing: C:\Users\USER\Desktop\MangaTranslateProject\build\..\dist\MangaTranslator\pylib_boot\setuptools\__pycache__\windows_support.cpython-313.pyc
   Compressing: C:\Users\USER\Desktop\MangaTranslateProject\build\..\dist\MangaTranslator\pylib_boot\setuptools\__pycache__\_core_metadata.cpython-313.pyc
   Compressing: C:\Users\USER\Desktop\MangaTranslateProject\build\..\dist\MangaTranslator\pylib_boot\setuptools\__pycache__\_discovery.cpython-313.pyc
   Compressing: C:\Users\USER\Desktop\MangaTranslateProject\build\..\dist\MangaTranslator\pylib_boot\setuptools\__pycache__\_entry_points.cpython-313.pyc
   Compressing: C:\Users\USER\Desktop\MangaTranslateProject\build\..\dist\MangaTranslator\pylib_boot\setuptools\__pycache__\_imp.cpython-313.pyc
   Compressing: C:\Users\USER\Desktop\MangaTranslateProject\build\..\dist\MangaTranslator\pylib_boot\setuptools\__pycache__\_importlib.cpython-313.pyc
   Compressing: C:\Users\USER\Desktop\MangaTranslateProject\build\..\dist\MangaTranslator\pylib_boot\setuptools\__pycache__\_itertools.cpython-313.pyc
   Compressing: C:\Users\USER\Desktop\MangaTranslateProject\build\..\dist\MangaTranslator\pylib_boot\setuptools\__pycache__\_normalization.cpython-313.pyc
   Compressing: C:\Users\USER\Desktop\MangaTranslateProject\build\..\dist\MangaTranslator\pylib_boot\setuptools\__pycache__\_path.cpython-313.pyc
   Compressing: C:\Users\USER\Desktop\MangaTranslateProject\build\..\dist\MangaTranslator\pylib_boot\setuptools\__pycache__\_reqs.cpython-313.pyc
   Compressing: C:\Users\USER\Desktop\MangaTranslateProject\build\..\dist\MangaTranslator\pylib_boot\setuptools\__pycache__\_scripts.cpython-313.pyc
   Compressing: C:\Users\USER\Desktop\MangaTranslateProject\build\..\dist\MangaTranslator\pylib_boot\setuptools\__pycache__\_shutil.cpython-313.pyc
   Compressing: C:\Users\USER\Desktop\MangaTranslateProject\build\..\dist\MangaTranslator\pylib_boot\setuptools\__pycache__\_static.cpython-313.pyc
   Compressing: C:\Users\USER\Desktop\MangaTranslateProject\build\..\dist\MangaTranslator\pylib_boot\setuptools\__pycache__\__init__.cpython-313.pyc
   Compressing: C:\Users\USER\Desktop\MangaTranslateProject\build\..\dist\MangaTranslator\pylib_boot\setuptools-84.0.0.dist-info\entry_points.txt
   Compressing: C:\Users\USER\Desktop\MangaTranslateProject\build\..\dist\MangaTranslator\pylib_boot\setuptools-84.0.0.dist-info\INSTALLER
   Compressing: C:\Users\USER\Desktop\MangaTranslateProject\build\..\dist\MangaTranslator\pylib_boot\setuptools-84.0.0.dist-info\METADATA
   Compressing: C:\Users\USER\Desktop\MangaTranslateProject\build\..\dist\MangaTranslator\pylib_boot\setuptools-84.0.0.dist-info\RECORD
   Compressing: C:\Users\USER\Desktop\MangaTranslateProject\build\..\dist\MangaTranslator\pylib_boot\setuptools-84.0.0.dist-info\REQUESTED
   Compressing: C:\Users\USER\Desktop\MangaTranslateProject\build\..\dist\MangaTranslator\pylib_boot\setuptools-84.0.0.dist-info\top_level.txt
   Compressing: C:\Users\USER\Desktop\MangaTranslateProject\build\..\dist\MangaTranslator\pylib_boot\setuptools-84.0.0.dist-info\WHEEL
   Compressing: C:\Users\USER\Desktop\MangaTranslateProject\build\..\dist\MangaTranslator\pylib_boot\setuptools-84.0.0.dist-info\licenses\LICENSE
   Compressing: C:\Users\USER\Desktop\MangaTranslateProject\build\..\dist\MangaTranslator\pylib_boot\typing_extensions-4.16.0.dist-info\INSTALLER
   Compressing: C:\Users\USER\Desktop\MangaTranslateProject\build\..\dist\MangaTranslator\pylib_boot\typing_extensions-4.16.0.dist-info\METADATA
   Compressing: C:\Users\USER\Desktop\MangaTranslateProject\build\..\dist\MangaTranslator\pylib_boot\typing_extensions-4.16.0.dist-info\RECORD
   Compressing: C:\Users\USER\Desktop\MangaTranslateProject\build\..\dist\MangaTranslator\pylib_boot\typing_extensions-4.16.0.dist-info\WHEEL
   Compressing: C:\Users\USER\Desktop\MangaTranslateProject\build\..\dist\MangaTranslator\pylib_boot\typing_extensions-4.16.0.dist-info\licenses\LICENSE
   Compressing: C:\Users\USER\Desktop\MangaTranslateProject\build\..\dist\MangaTranslator\pylib_boot\webview\errors.py
   Compressing: C:\Users\USER\Desktop\MangaTranslateProject\build\..\dist\MangaTranslator\pylib_boot\webview\event.py
   Compressing: C:\Users\USER\Desktop\MangaTranslateProject\build\..\dist\MangaTranslator\pylib_boot\webview\guilib.py
   Compressing: C:\Users\USER\Desktop\MangaTranslateProject\build\..\dist\MangaTranslator\pylib_boot\webview\http.py
   Compressing: C:\Users\USER\Desktop\MangaTranslateProject\build\..\dist\MangaTranslator\pylib_boot\webview\localization.py
   Compressing: C:\Users\USER\Desktop\MangaTranslateProject\build\..\dist\MangaTranslator\pylib_boot\webview\menu.py
   Compressing: C:\Users\USER\Desktop\MangaTranslateProject\build\..\dist\MangaTranslator\pylib_boot\webview\models.py
   Compressing: C:\Users\USER\Desktop\MangaTranslateProject\build\..\dist\MangaTranslator\pylib_boot\webview\py.typed
   Compressing: C:\Users\USER\Desktop\MangaTranslateProject\build\..\dist\MangaTranslator\pylib_boot\webview\screen.py
   Compressing: C:\Users\USER\Desktop\MangaTranslateProject\build\..\dist\MangaTranslator\pylib_boot\webview\state.py
   Compressing: C:\Users\USER\Desktop\MangaTranslateProject\build\..\dist\MangaTranslator\pylib_boot\webview\util.py
   Compressing: C:\Users\USER\Desktop\MangaTranslateProject\build\..\dist\MangaTranslator\pylib_boot\webview\window.py
   Compressing: C:\Users\USER\Desktop\MangaTranslateProject\build\..\dist\MangaTranslator\pylib_boot\webview\_version.py
   Compressing: C:\Users\USER\Desktop\MangaTranslateProject\build\..\dist\MangaTranslator\pylib_boot\webview\__init__.py
   Compressing: C:\Users\USER\Desktop\MangaTranslateProject\build\..\dist\MangaTranslator\pylib_boot\webview\dom\classlist.py
   Compressing: C:\Users\USER\Desktop\MangaTranslateProject\build\..\dist\MangaTranslator\pylib_boot\webview\dom\dom.py
   Compressing: C:\Users\USER\Desktop\MangaTranslateProject\build\..\dist\MangaTranslator\pylib_boot\webview\dom\element.py
   Compressing: C:\Users\USER\Desktop\MangaTranslateProject\build\..\dist\MangaTranslator\pylib_boot\webview\dom\event.py
   Compressing: C:\Users\USER\Desktop\MangaTranslateProject\build\..\dist\MangaTranslator\pylib_boot\webview\dom\propsdict.py
   Compressing: C:\Users\USER\Desktop\MangaTranslateProject\build\..\dist\MangaTranslator\pylib_boot\webview\dom\__init__.py
   Compressing: C:\Users\USER\Desktop\MangaTranslateProject\build\..\dist\MangaTranslator\pylib_boot\webview\dom\__pycache__\classlist.cpython-313.pyc
   Compressing: C:\Users\USER\Desktop\MangaTranslateProject\build\..\dist\MangaTranslator\pylib_boot\webview\dom\__pycache__\dom.cpython-313.pyc
   Compressing: C:\Users\USER\Desktop\MangaTranslateProject\build\..\dist\MangaTranslator\pylib_boot\webview\dom\__pycache__\element.cpython-313.pyc
   Compressing: C:\Users\USER\Desktop\MangaTranslateProject\build\..\dist\MangaTranslator\pylib_boot\webview\dom\__pycache__\event.cpython-313.pyc
   Compressing: C:\Users\USER\Desktop\MangaTranslateProject\build\..\dist\MangaTranslator\pylib_boot\webview\dom\__pycache__\propsdict.cpython-313.pyc
   Compressing: C:\Users\USER\Desktop\MangaTranslateProject\build\..\dist\MangaTranslator\pylib_boot\webview\dom\__pycache__\__init__.cpython-313.pyc
   Compressing: C:\Users\USER\Desktop\MangaTranslateProject\build\..\dist\MangaTranslator\pylib_boot\webview\js\api.js
   Compressing: C:\Users\USER\Desktop\MangaTranslateProject\build\..\dist\MangaTranslator\pylib_boot\webview\js\customize.js
   Compressing: C:\Users\USER\Desktop\MangaTranslateProject\build\..\dist\MangaTranslator\pylib_boot\webview\js\finish.js
   Compressing: C:\Users\USER\Desktop\MangaTranslateProject\build\..\dist\MangaTranslator\pylib_boot\webview\js\state.js
   Compressing: C:\Users\USER\Desktop\MangaTranslateProject\build\..\dist\MangaTranslator\pylib_boot\webview\js\lib\dom_json.js
   Compressing: C:\Users\USER\Desktop\MangaTranslateProject\build\..\dist\MangaTranslator\pylib_boot\webview\js\lib\polyfill.js
   Compressing: C:\Users\USER\Desktop\MangaTranslateProject\build\..\dist\MangaTranslator\pylib_boot\webview\lib\Microsoft.Web.WebView2.Core.dll
   Compressing: C:\Users\USER\Desktop\MangaTranslateProject\build\..\dist\MangaTranslator\pylib_boot\webview\lib\Microsoft.Web.WebView2.WinForms.dll
   Compressing: C:\Users\USER\Desktop\MangaTranslateProject\build\..\dist\MangaTranslator\pylib_boot\webview\lib\pywebview-android.jar
   Compressing: C:\Users\USER\Desktop\MangaTranslateProject\build\..\dist\MangaTranslator\pylib_boot\webview\lib\WebBrowserInterop.x64.dll
   Compressing: C:\Users\USER\Desktop\MangaTranslateProject\build\..\dist\MangaTranslator\pylib_boot\webview\lib\WebBrowserInterop.x86.dll
   Compressing: C:\Users\USER\Desktop\MangaTranslateProject\build\..\dist\MangaTranslator\pylib_boot\webview\lib\runtimes\win-arm64\native\WebView2Loader.dll
   Compressing: C:\Users\USER\Desktop\MangaTranslateProject\build\..\dist\MangaTranslator\pylib_boot\webview\lib\runtimes\win-x64\native\WebView2Loader.dll
   Compressing: C:\Users\USER\Desktop\MangaTranslateProject\build\..\dist\MangaTranslator\pylib_boot\webview\lib\runtimes\win-x86\native\WebView2Loader.dll
   Compressing: C:\Users\USER\Desktop\MangaTranslateProject\build\..\dist\MangaTranslator\pylib_boot\webview\platforms\cef.py
   Compressing: C:\Users\USER\Desktop\MangaTranslateProject\build\..\dist\MangaTranslator\pylib_boot\webview\platforms\cocoa.py
   Compressing: C:\Users\USER\Desktop\MangaTranslateProject\build\..\dist\MangaTranslator\pylib_boot\webview\platforms\edgechromium.py
   Compressing: C:\Users\USER\Desktop\MangaTranslateProject\build\..\dist\MangaTranslator\pylib_boot\webview\platforms\gtk.py
   Compressing: C:\Users\USER\Desktop\MangaTranslateProject\build\..\dist\MangaTranslator\pylib_boot\webview\platforms\mshtml.py
   Compressing: C:\Users\USER\Desktop\MangaTranslateProject\build\..\dist\MangaTranslator\pylib_boot\webview\platforms\qt.py
   Compressing: C:\Users\USER\Desktop\MangaTranslateProject\build\..\dist\MangaTranslator\pylib_boot\webview\platforms\win32.py
   Compressing: C:\Users\USER\Desktop\MangaTranslateProject\build\..\dist\MangaTranslator\pylib_boot\webview\platforms\winforms.py
   Compressing: C:\Users\USER\Desktop\MangaTranslateProject\build\..\dist\MangaTranslator\pylib_boot\webview\platforms\__init__.py
   Compressing: C:\Users\USER\Desktop\MangaTranslateProject\build\..\dist\MangaTranslator\pylib_boot\webview\platforms\android\app.py
   Compressing: C:\Users\USER\Desktop\MangaTranslateProject\build\..\dist\MangaTranslator\pylib_boot\webview\platforms\android\base.py
   Compressing: C:\Users\USER\Desktop\MangaTranslateProject\build\..\dist\MangaTranslator\pylib_boot\webview\platforms\android\event.py
   Compressing: C:\Users\USER\Desktop\MangaTranslateProject\build\..\dist\MangaTranslator\pylib_boot\webview\platforms\android\__init__.py
   Compressing: C:\Users\USER\Desktop\MangaTranslateProject\build\..\dist\MangaTranslator\pylib_boot\webview\platforms\android\jclass\app.py
   Compressing: C:\Users\USER\Desktop\MangaTranslateProject\build\..\dist\MangaTranslator\pylib_boot\webview\platforms\android\jclass\content.py
   Compressing: C:\Users\USER\Desktop\MangaTranslateProject\build\..\dist\MangaTranslator\pylib_boot\webview\platforms\android\jclass\net.py
   Compressing: C:\Users\USER\Desktop\MangaTranslateProject\build\..\dist\MangaTranslator\pylib_boot\webview\platforms\android\jclass\os.py
   Compressing: C:\Users\USER\Desktop\MangaTranslateProject\build\..\dist\MangaTranslator\pylib_boot\webview\platforms\android\jclass\view.py
   Compressing: C:\Users\USER\Desktop\MangaTranslateProject\build\..\dist\MangaTranslator\pylib_boot\webview\platforms\android\jclass\webkit.py
   Compressing: C:\Users\USER\Desktop\MangaTranslateProject\build\..\dist\MangaTranslator\pylib_boot\webview\platforms\android\jclass\__init__.py
   Compressing: C:\Users\USER\Desktop\MangaTranslateProject\build\..\dist\MangaTranslator\pylib_boot\webview\platforms\android\jclass\__pycache__\app.cpython-313.pyc
   Compressing: C:\Users\USER\Desktop\MangaTranslateProject\build\..\dist\MangaTranslator\pylib_boot\webview\platforms\android\jclass\__pycache__\content.cpython-313.pyc
   Compressing: C:\Users\USER\Desktop\MangaTranslateProject\build\..\dist\MangaTranslator\pylib_boot\webview\platforms\android\jclass\__pycache__\net.cpython-313.pyc
   Compressing: C:\Users\USER\Desktop\MangaTranslateProject\build\..\dist\MangaTranslator\pylib_boot\webview\platforms\android\jclass\__pycache__\os.cpython-313.pyc
   Compressing: C:\Users\USER\Desktop\MangaTranslateProject\build\..\dist\MangaTranslator\pylib_boot\webview\platforms\android\jclass\__pycache__\view.cpython-313.pyc
   Compressing: C:\Users\USER\Desktop\MangaTranslateProject\build\..\dist\MangaTranslator\pylib_boot\webview\platforms\android\jclass\__pycache__\webkit.cpython-313.pyc
   Compressing: C:\Users\USER\Desktop\MangaTranslateProject\build\..\dist\MangaTranslator\pylib_boot\webview\platforms\android\jclass\__pycache__\__init__.cpython-313.pyc
   Compressing: C:\Users\USER\Desktop\MangaTranslateProject\build\..\dist\MangaTranslator\pylib_boot\webview\platforms\android\jinterface\pywebview.py
   Compressing: C:\Users\USER\Desktop\MangaTranslateProject\build\..\dist\MangaTranslator\pylib_boot\webview\platforms\android\jinterface\view.py
   Compressing: C:\Users\USER\Desktop\MangaTranslateProject\build\..\dist\MangaTranslator\pylib_boot\webview\platforms\android\jinterface\webkit.py
   Compressing: C:\Users\USER\Desktop\MangaTranslateProject\build\..\dist\MangaTranslator\pylib_boot\webview\platforms\android\jinterface\__init__.py
   Compressing: C:\Users\USER\Desktop\MangaTranslateProject\build\..\dist\MangaTranslator\pylib_boot\webview\platforms\android\jinterface\__pycache__\pywebview.cpython-313.pyc
   Compressing: C:\Users\USER\Desktop\MangaTranslateProject\build\..\dist\MangaTranslator\pylib_boot\webview\platforms\android\jinterface\__pycache__\view.cpython-313.pyc
   Compressing: C:\Users\USER\Desktop\MangaTranslateProject\build\..\dist\MangaTranslator\pylib_boot\webview\platforms\android\jinterface\__pycache__\webkit.cpython-313.pyc
   Compressing: C:\Users\USER\Desktop\MangaTranslateProject\build\..\dist\MangaTranslator\pylib_boot\webview\platforms\android\jinterface\__pycache__\__init__.cpython-313.pyc
   Compressing: C:\Users\USER\Desktop\MangaTranslateProject\build\..\dist\MangaTranslator\pylib_boot\webview\platforms\android\__pycache__\app.cpython-313.pyc
   Compressing: C:\Users\USER\Desktop\MangaTranslateProject\build\..\dist\MangaTranslator\pylib_boot\webview\platforms\android\__pycache__\base.cpython-313.pyc
   Compressing: C:\Users\USER\Desktop\MangaTranslateProject\build\..\dist\MangaTranslator\pylib_boot\webview\platforms\android\__pycache__\event.cpython-313.pyc
   Compressing: C:\Users\USER\Desktop\MangaTranslateProject\build\..\dist\MangaTranslator\pylib_boot\webview\platforms\android\__pycache__\__init__.cpython-313.pyc
   Compressing: C:\Users\USER\Desktop\MangaTranslateProject\build\..\dist\MangaTranslator\pylib_boot\webview\platforms\__pycache__\cef.cpython-313.pyc
   Compressing: C:\Users\USER\Desktop\MangaTranslateProject\build\..\dist\MangaTranslator\pylib_boot\webview\platforms\__pycache__\cocoa.cpython-313.pyc
   Compressing: C:\Users\USER\Desktop\MangaTranslateProject\build\..\dist\MangaTranslator\pylib_boot\webview\platforms\__pycache__\edgechromium.cpython-313.pyc
   Compressing: C:\Users\USER\Desktop\MangaTranslateProject\build\..\dist\MangaTranslator\pylib_boot\webview\platforms\__pycache__\gtk.cpython-313.pyc
   Compressing: C:\Users\USER\Desktop\MangaTranslateProject\build\..\dist\MangaTranslator\pylib_boot\webview\platforms\__pycache__\mshtml.cpython-313.pyc
   Compressing: C:\Users\USER\Desktop\MangaTranslateProject\build\..\dist\MangaTranslator\pylib_boot\webview\platforms\__pycache__\qt.cpython-313.pyc
   Compressing: C:\Users\USER\Desktop\MangaTranslateProject\build\..\dist\MangaTranslator\pylib_boot\webview\platforms\__pycache__\win32.cpython-313.pyc
   Compressing: C:\Users\USER\Desktop\MangaTranslateProject\build\..\dist\MangaTranslator\pylib_boot\webview\platforms\__pycache__\winforms.cpython-313.pyc
   Compressing: C:\Users\USER\Desktop\MangaTranslateProject\build\..\dist\MangaTranslator\pylib_boot\webview\platforms\__pycache__\__init__.cpython-313.pyc
   Compressing: C:\Users\USER\Desktop\MangaTranslateProject\build\..\dist\MangaTranslator\pylib_boot\webview\__pycache__\errors.cpython-313.pyc
   Compressing: C:\Users\USER\Desktop\MangaTranslateProject\build\..\dist\MangaTranslator\pylib_boot\webview\__pycache__\event.cpython-313.pyc
   Compressing: C:\Users\USER\Desktop\MangaTranslateProject\build\..\dist\MangaTranslator\pylib_boot\webview\__pycache__\guilib.cpython-313.pyc
   Compressing: C:\Users\USER\Desktop\MangaTranslateProject\build\..\dist\MangaTranslator\pylib_boot\webview\__pycache__\http.cpython-313.pyc
   Compressing: C:\Users\USER\Desktop\MangaTranslateProject\build\..\dist\MangaTranslator\pylib_boot\webview\__pycache__\localization.cpython-313.pyc
   Compressing: C:\Users\USER\Desktop\MangaTranslateProject\build\..\dist\MangaTranslator\pylib_boot\webview\__pycache__\menu.cpython-313.pyc
   Compressing: C:\Users\USER\Desktop\MangaTranslateProject\build\..\dist\MangaTranslator\pylib_boot\webview\__pycache__\models.cpython-313.pyc
   Compressing: C:\Users\USER\Desktop\MangaTranslateProject\build\..\dist\MangaTranslator\pylib_boot\webview\__pycache__\screen.cpython-313.pyc
   Compressing: C:\Users\USER\Desktop\MangaTranslateProject\build\..\dist\MangaTranslator\pylib_boot\webview\__pycache__\state.cpython-313.pyc
   Compressing: C:\Users\USER\Desktop\MangaTranslateProject\build\..\dist\MangaTranslator\pylib_boot\webview\__pycache__\util.cpython-313.pyc
   Compressing: C:\Users\USER\Desktop\MangaTranslateProject\build\..\dist\MangaTranslator\pylib_boot\webview\__pycache__\window.cpython-313.pyc
   Compressing: C:\Users\USER\Desktop\MangaTranslateProject\build\..\dist\MangaTranslator\pylib_boot\webview\__pycache__\_version.cpython-313.pyc
   Compressing: C:\Users\USER\Desktop\MangaTranslateProject\build\..\dist\MangaTranslator\pylib_boot\webview\__pycache__\__init__.cpython-313.pyc
   Compressing: C:\Users\USER\Desktop\MangaTranslateProject\build\..\dist\MangaTranslator\pylib_boot\webview\__pyinstaller\hook-webview.py
   Compressing: C:\Users\USER\Desktop\MangaTranslateProject\build\..\dist\MangaTranslator\pylib_boot\webview\__pyinstaller\__init__.py
   Compressing: C:\Users\USER\Desktop\MangaTranslateProject\build\..\dist\MangaTranslator\pylib_boot\webview\__pyinstaller\__pycache__\hook-webview.cpython-313.pyc
   Compressing: C:\Users\USER\Desktop\MangaTranslateProject\build\..\dist\MangaTranslator\pylib_boot\webview\__pyinstaller\__pycache__\__init__.cpython-313.pyc
   Compressing: C:\Users\USER\Desktop\MangaTranslateProject\build\..\dist\MangaTranslator\pylib_boot\wheel\bdist_wheel.py
   Compressing: C:\Users\USER\Desktop\MangaTranslateProject\build\..\dist\MangaTranslator\pylib_boot\wheel\macosx_libfile.py
   Compressing: C:\Users\USER\Desktop\MangaTranslateProject\build\..\dist\MangaTranslator\pylib_boot\wheel\metadata.py
   Compressing: C:\Users\USER\Desktop\MangaTranslateProject\build\..\dist\MangaTranslator\pylib_boot\wheel\wheelfile.py
   Compressing: C:\Users\USER\Desktop\MangaTranslateProject\build\..\dist\MangaTranslator\pylib_boot\wheel\_bdist_wheel.py
   Compressing: C:\Users\USER\Desktop\MangaTranslateProject\build\..\dist\MangaTranslator\pylib_boot\wheel\_metadata.py
   Compressing: C:\Users\USER\Desktop\MangaTranslateProject\build\..\dist\MangaTranslator\pylib_boot\wheel\_setuptools_logging.py
   Compressing: C:\Users\USER\Desktop\MangaTranslateProject\build\..\dist\MangaTranslator\pylib_boot\wheel\__init__.py
   Compressing: C:\Users\USER\Desktop\MangaTranslateProject\build\..\dist\MangaTranslator\pylib_boot\wheel\__main__.py
   Compressing: C:\Users\USER\Desktop\MangaTranslateProject\build\..\dist\MangaTranslator\pylib_boot\wheel\_commands\convert.py
   Compressing: C:\Users\USER\Desktop\MangaTranslateProject\build\..\dist\MangaTranslator\pylib_boot\wheel\_commands\info.py
   Compressing: C:\Users\USER\Desktop\MangaTranslateProject\build\..\dist\MangaTranslator\pylib_boot\wheel\_commands\pack.py
   Compressing: C:\Users\USER\Desktop\MangaTranslateProject\build\..\dist\MangaTranslator\pylib_boot\wheel\_commands\tags.py
   Compressing: C:\Users\USER\Desktop\MangaTranslateProject\build\..\dist\MangaTranslator\pylib_boot\wheel\_commands\unpack.py
   Compressing: C:\Users\USER\Desktop\MangaTranslateProject\build\..\dist\MangaTranslator\pylib_boot\wheel\_commands\__init__.py
   Compressing: C:\Users\USER\Desktop\MangaTranslateProject\build\..\dist\MangaTranslator\pylib_boot\wheel\_commands\__pycache__\convert.cpython-313.pyc
   Compressing: C:\Users\USER\Desktop\MangaTranslateProject\build\..\dist\MangaTranslator\pylib_boot\wheel\_commands\__pycache__\info.cpython-313.pyc
   Compressing: C:\Users\USER\Desktop\MangaTranslateProject\build\..\dist\MangaTranslator\pylib_boot\wheel\_commands\__pycache__\pack.cpython-313.pyc
   Compressing: C:\Users\USER\Desktop\MangaTranslateProject\build\..\dist\MangaTranslator\pylib_boot\wheel\_commands\__pycache__\tags.cpython-313.pyc
   Compressing: C:\Users\USER\Desktop\MangaTranslateProject\build\..\dist\MangaTranslator\pylib_boot\wheel\_commands\__pycache__\unpack.cpython-313.pyc
   Compressing: C:\Users\USER\Desktop\MangaTranslateProject\build\..\dist\MangaTranslator\pylib_boot\wheel\_commands\__pycache__\__init__.cpython-313.pyc
   Compressing: C:\Users\USER\Desktop\MangaTranslateProject\build\..\dist\MangaTranslator\pylib_boot\wheel\__pycache__\bdist_wheel.cpython-313.pyc
   Compressing: C:\Users\USER\Desktop\MangaTranslateProject\build\..\dist\MangaTranslator\pylib_boot\wheel\__pycache__\macosx_libfile.cpython-313.pyc
   Compressing: C:\Users\USER\Desktop\MangaTranslateProject\build\..\dist\MangaTranslator\pylib_boot\wheel\__pycache__\metadata.cpython-313.pyc
   Compressing: C:\Users\USER\Desktop\MangaTranslateProject\build\..\dist\MangaTranslator\pylib_boot\wheel\__pycache__\wheelfile.cpython-313.pyc
   Compressing: C:\Users\USER\Desktop\MangaTranslateProject\build\..\dist\MangaTranslator\pylib_boot\wheel\__pycache__\_bdist_wheel.cpython-313.pyc
   Compressing: C:\Users\USER\Desktop\MangaTranslateProject\build\..\dist\MangaTranslator\pylib_boot\wheel\__pycache__\_metadata.cpython-313.pyc
   Compressing: C:\Users\USER\Desktop\MangaTranslateProject\build\..\dist\MangaTranslator\pylib_boot\wheel\__pycache__\_setuptools_logging.cpython-313.pyc
   Compressing: C:\Users\USER\Desktop\MangaTranslateProject\build\..\dist\MangaTranslator\pylib_boot\wheel\__pycache__\__init__.cpython-313.pyc
   Compressing: C:\Users\USER\Desktop\MangaTranslateProject\build\..\dist\MangaTranslator\pylib_boot\wheel\__pycache__\__main__.cpython-313.pyc
   Compressing: C:\Users\USER\Desktop\MangaTranslateProject\build\..\dist\MangaTranslator\pylib_boot\wheel-0.48.0.dist-info\entry_points.txt
   Compressing: C:\Users\USER\Desktop\MangaTranslateProject\build\..\dist\MangaTranslator\pylib_boot\wheel-0.48.0.dist-info\INSTALLER
   Compressing: C:\Users\USER\Desktop\MangaTranslateProject\build\..\dist\MangaTranslator\pylib_boot\wheel-0.48.0.dist-info\METADATA
   Compressing: C:\Users\USER\Desktop\MangaTranslateProject\build\..\dist\MangaTranslator\pylib_boot\wheel-0.48.0.dist-info\RECORD
   Compressing: C:\Users\USER\Desktop\MangaTranslateProject\build\..\dist\MangaTranslator\pylib_boot\wheel-0.48.0.dist-info\REQUESTED
   Compressing: C:\Users\USER\Desktop\MangaTranslateProject\build\..\dist\MangaTranslator\pylib_boot\wheel-0.48.0.dist-info\WHEEL
   Compressing: C:\Users\USER\Desktop\MangaTranslateProject\build\..\dist\MangaTranslator\pylib_boot\wheel-0.48.0.dist-info\licenses\LICENSE.txt
   Compressing: C:\Users\USER\Desktop\MangaTranslateProject\build\..\dist\MangaTranslator\pylib_boot\_distutils_hack\override.py
   Compressing: C:\Users\USER\Desktop\MangaTranslateProject\build\..\dist\MangaTranslator\pylib_boot\_distutils_hack\__init__.py
   Compressing: C:\Users\USER\Desktop\MangaTranslateProject\build\..\dist\MangaTranslator\pylib_boot\_distutils_hack\__pycache__\override.cpython-313.pyc
   Compressing: C:\Users\USER\Desktop\MangaTranslateProject\build\..\dist\MangaTranslator\pylib_boot\_distutils_hack\__pycache__\__init__.cpython-313.pyc
   Compressing: C:\Users\USER\Desktop\MangaTranslateProject\build\..\dist\MangaTranslator\pylib_boot\__pycache__\bottle.cpython-313.pyc
   Compressing: C:\Users\USER\Desktop\MangaTranslateProject\build\..\dist\MangaTranslator\pylib_boot\__pycache__\clr.cpython-313.pyc
   Compressing: C:\Users\USER\Desktop\MangaTranslateProject\build\..\dist\MangaTranslator\pylib_boot\__pycache__\typing_extensions.cpython-313.pyc
   Compressing: C:\Users\USER\Desktop\MangaTranslateProject\build\..\dist\MangaTranslator\python\libcrypto-3.dll
   Compressing: C:\Users\USER\Desktop\MangaTranslateProject\build\..\dist\MangaTranslator\python\libffi-8.dll
   Compressing: C:\Users\USER\Desktop\MangaTranslateProject\build\..\dist\MangaTranslator\python\libssl-3.dll
   Compressing: C:\Users\USER\Desktop\MangaTranslateProject\build\..\dist\MangaTranslator\python\LICENSE.txt
   Compressing: C:\Users\USER\Desktop\MangaTranslateProject\build\..\dist\MangaTranslator\python\pyexpat.pyd
   Compressing: C:\Users\USER\Desktop\MangaTranslateProject\build\..\dist\MangaTranslator\python\python.cat
   Compressing: C:\Users\USER\Desktop\MangaTranslateProject\build\..\dist\MangaTranslator\python\python.exe
   Compressing: C:\Users\USER\Desktop\MangaTranslateProject\build\..\dist\MangaTranslator\python\python3.dll
   Compressing: C:\Users\USER\Desktop\MangaTranslateProject\build\..\dist\MangaTranslator\python\python313.dll
   Compressing: C:\Users\USER\Desktop\MangaTranslateProject\build\..\dist\MangaTranslator\python\python313.zip
   Compressing: C:\Users\USER\Desktop\MangaTranslateProject\build\..\dist\MangaTranslator\python\python313._pth
   Compressing: C:\Users\USER\Desktop\MangaTranslateProject\build\..\dist\MangaTranslator\python\pythonw.exe
   Compressing: C:\Users\USER\Desktop\MangaTranslateProject\build\..\dist\MangaTranslator\python\select.pyd
   Compressing: C:\Users\USER\Desktop\MangaTranslateProject\build\..\dist\MangaTranslator\python\sqlite3.dll
   Compressing: C:\Users\USER\Desktop\MangaTranslateProject\build\..\dist\MangaTranslator\python\unicodedata.pyd
   Compressing: C:\Users\USER\Desktop\MangaTranslateProject\build\..\dist\MangaTranslator\python\vcruntime140.dll
   Compressing: C:\Users\USER\Desktop\MangaTranslateProject\build\..\dist\MangaTranslator\python\vcruntime140_1.dll
   Compressing: C:\Users\USER\Desktop\MangaTranslateProject\build\..\dist\MangaTranslator\python\winsound.pyd
   Compressing: C:\Users\USER\Desktop\MangaTranslateProject\build\..\dist\MangaTranslator\python\_asyncio.pyd
   Compressing: C:\Users\USER\Desktop\MangaTranslateProject\build\..\dist\MangaTranslator\python\_bz2.pyd
   Compressing: C:\Users\USER\Desktop\MangaTranslateProject\build\..\dist\MangaTranslator\python\_ctypes.pyd
   Compressing: C:\Users\USER\Desktop\MangaTranslateProject\build\..\dist\MangaTranslator\python\_decimal.pyd
   Compressing: C:\Users\USER\Desktop\MangaTranslateProject\build\..\dist\MangaTranslator\python\_elementtree.pyd
   Compressing: C:\Users\USER\Desktop\MangaTranslateProject\build\..\dist\MangaTranslator\python\_hashlib.pyd
   Compressing: C:\Users\USER\Desktop\MangaTranslateProject\build\..\dist\MangaTranslator\python\_lzma.pyd
   Compressing: C:\Users\USER\Desktop\MangaTranslateProject\build\..\dist\MangaTranslator\python\_multiprocessing.pyd
   Compressing: C:\Users\USER\Desktop\MangaTranslateProject\build\..\dist\MangaTranslator\python\_overlapped.pyd
   Compressing: C:\Users\USER\Desktop\MangaTranslateProject\build\..\dist\MangaTranslator\python\_queue.pyd
   Compressing: C:\Users\USER\Desktop\MangaTranslateProject\build\..\dist\MangaTranslator\python\_socket.pyd
   Compressing: C:\Users\USER\Desktop\MangaTranslateProject\build\..\dist\MangaTranslator\python\_sqlite3.pyd
   Compressing: C:\Users\USER\Desktop\MangaTranslateProject\build\..\dist\MangaTranslator\python\_ssl.pyd
   Compressing: C:\Users\USER\Desktop\MangaTranslateProject\build\..\dist\MangaTranslator\python\_uuid.pyd
   Compressing: C:\Users\USER\Desktop\MangaTranslateProject\build\..\dist\MangaTranslator\python\_wmi.pyd
   Compressing: C:\Users\USER\Desktop\MangaTranslateProject\build\..\dist\MangaTranslator\python\_zoneinfo.pyd
   Compressing: C:\Users\USER\Desktop\MangaTranslateProject\build\..\dist\MangaTranslator\__pycache__\backend.cpython-313.pyc
   Compressing Setup program executable
   Updating version info (Setup.exe)
   Updating manifest (Setup.exe)


Successful compile (62.843 sec). Resulting Setup program filename is:
C:\Users\USER\Desktop\MangaTranslateProject\build\out\MangaTranslator-Setup-0.1.0.exe
